ID;LAT;LONG;SUP;REGION;VOL_TOTAL;MAX_7_JOUR;GEL_TOTAL;CRITERE;SOURCE;PUIT_SIH;SITE;SITE_PREL;COEF_CONS
1;45.9786;-72.1102;14695.9;17;10;3;0;1;SOUTERRAIN;0;0;;0.9
2;45.9809;-72.1097;62951.1;17;10;3;0;1;SOUTERRAIN;0;0;;0.9
3;46.0090;-72.4770;330.823;17;117.8;39.27;0;1;SOUTERRAIN;0;0;;0.9
4;45.9888;-72.3661;0.56099;17;60.65;20.22;0;1;SOUTERRAIN;0;0;;0.9
5;46.0808;-72.2863;265.666;17;115.56;38.52;0;1;SOUTERRAIN;0;0;;0.9
6;46.0766;-72.2816;702.847;17;117.62;39.21;0;1;SOUTERRAIN;0;0;;0.9
7;46.0818;-72.3256;133.436;17;115;38.33;0;1;SOUTERRAIN;0;0;;0.9
8;45.9906;-72.3599;109.085;17;97.02;32.34;0;1;SOUTERRAIN;0;0;;0.9
9;46.0473;-72.4668;162867;17;31.93;15.97;0;1;SOUTERRAIN;0;0;;0.9
10;45.8087;-72.0600;1491.18;5;15.6;7.8;0;1;SOUTERRAIN;0;0;;0.9
11;46.0665;-72.0343;5010.96;17;30;8;0;1;SOUTERRAIN;0;0;;0.9
12;46.1451;-72.6321;50764.3;17;50;25;0;1;SOUTERRAIN;0;0;;0.9
13;46.2173;-72.5938;1080.37;17;40;20;0;1;SOUTERRAIN;0;0;;0.9
14;46.1332;-72.5969;580.745;17;50;25;0;1;SOUTERRAIN;0;0;;0.9
15;46.0571;-72.5766;32468.6;17;60;30;0;1;SOUTERRAIN;0;0;;0.9
16;46.1184;-72.6226;399.889;17;60;30;0;1;SOUTERRAIN;0;0;;0.9
17;46.1045;-72.5436;76623.4;17;60;30;0;1;SOUTERRAIN;0;0;;0.9
18;46.0344;-72.5999;119755;17;60;30;0;1;SOUTERRAIN;0;0;;0.9
19;46.1341;-72.5901;2159.64;17;50;25;0;1;SOUTERRAIN;0;0;;0.9
20;46.1121;-72.5585;92173.4;17;50;25;0;1;SOUTERRAIN;0;0;;0.9
21;46.2127;-72.5973;97009.1;17;60;30;0;1;SOUTERRAIN;0;0;;0.9
22;46.2037;-72.5751;23242.9;17;60;30;0;1;SOUTERRAIN;0;0;;0.9
23;46.0859;-72.5260;2745.99;17;40;20;80;1;SOUTERRAIN;0;0;;0.9
24;46.1274;-72.6037;31734.9;17;50;25;0;1;SOUTERRAIN;0;0;;0.9
25;46.2247;-72.5683;127331;17;50;25;0;1;SOUTERRAIN;0;0;;0.9
26;46.1619;-72.5243;59840.7;17;50;25;0;1;SOUTERRAIN;0;0;;0.9
27;46.2282;-72.5903;49865.3;17;50;25;0;1;SOUTERRAIN;0;0;;0.9
28;46.2278;-72.5894;51372.4;17;50;25;0;1;SOUTERRAIN;0;0;;0.9
29;46.2278;-72.5877;40489.1;17;50;25;0;1;SOUTERRAIN;0;0;;0.9
30;46.0454;-72.1854;7139.08;17;20;6;0;1;SOUTERRAIN;0;0;;0.9
31;46.0460;-72.1854;2210.78;17;20;6;0;1;SOUTERRAIN;0;0;;0.9
32;46.0513;-72.4622;33364;17;50;25;0;1;SOUTERRAIN;0;0;;0.9
33;46.2192;-72.5853;1586.17;17;40;20;0;1;SOUTERRAIN;0;0;;0.9
34;46.0564;-72.3683;212025;17;60;30;0;1;SOUTERRAIN;0;0;;0.9
35;46.1192;-72.5922;521.861;17;50;25;0;1;SOUTERRAIN;0;0;;0.9
36;46.1211;-72.5961;4468.6;17;50;25;0;1;SOUTERRAIN;0;0;;0.9
37;45.7043;-71.7419;12304.5;5;40;20;0;1;SOUTERRAIN;0;0;;0.9
38;46.2270;-72.5735;29261.5;17;60;30;0;1;SOUTERRAIN;0;0;;0.9
39;46.1437;-72.6280;51243.5;17;50;25;0;1;SOUTERRAIN;0;0;;0.9
40;46.0996;-72.3520;7361.91;17;40;20;0;1;SURFACE;0;1;X2076155-4;0.9
41;46.2102;-72.5893;99925.4;17;60;30;0;1;SOUTERRAIN;0;0;;0.9
42;46.2124;-72.5919;105581;17;60;30;0;1;SOUTERRAIN;0;0;;0.9
43;46.0577;-72.5773;32402.4;17;60;30;0;1;SOUTERRAIN;0;0;;0.9
44;46.2234;-72.5791;950.831;17;40;20;0;1;SOUTERRAIN;0;0;;0.9
45;46.1092;-72.6124;1458.53;17;50;25;0;1;SOUTERRAIN;0;0;;0.9
46;46.1000;-72.3536;5198.66;17;40;20;0;1;SURFACE;0;1;X2076155-4;0.9
47;46.1255;-72.5963;4135;17;50;25;0;1;SOUTERRAIN;0;0;;0.9
48;46.0563;-72.5761;26271;17;60;30;0;1;SOUTERRAIN;0;0;;0.9
49;46.1395;-72.5878;10.1269;17;50;25;0;1;SOUTERRAIN;0;0;;0.9
50;46.0419;-72.4968;59065.9;17;50;25;0;1;SOUTERRAIN;0;0;;0.9
51;46.1132;-72.6155;15070.1;17;50;25;0;1;SOUTERRAIN;0;0;;0.9
52;46.1181;-72.6192;100.227;17;60;30;0;1;SOUTERRAIN;0;0;;0.9
53;46.2153;-72.5971;42957.8;17;60;30;0;1;SOUTERRAIN;0;0;;0.9
54;46.2268;-72.5800;939.287;17;60;30;0;1;SOUTERRAIN;0;0;;0.9
55;46.1614;-72.5240;68749;17;50;25;0;1;SOUTERRAIN;0;0;;0.9
56;46.1360;-72.5909;59040.9;17;16.5;8.25;0;1;SOUTERRAIN;0;0;;0.9
57;46.0812;-72.2797;2184;17;117.9;39.3;0;1;SOUTERRAIN;0;0;;0.9
58;46.0101;-72.4586;5.7474;17;112.94;37.65;0;1;SOUTERRAIN;0;1;X2181152-1;0.9
59;45.8102;-72.0631;211641;5;8.4;4.2;0;1;SOUTERRAIN;1;0;;0.9
60;46.1038;-72.6169;1312.57;17;21.25;10.63;0;1;SOUTERRAIN;0;0;;0.9
61;45.9751;-72.3558;0.0647123;17;117.9;39.3;0;1;SOUTERRAIN;0;0;;0.9
62;45.9814;-72.3528;16.7117;17;104.78;34.93;0;1;SOUTERRAIN;0;0;;0.9
63;45.9443;-72.4410;581.227;17;13.2;6.6;0;1;SOUTERRAIN;0;0;;0.9
64;46.0812;-72.3622;11776.5;17;95.41;31.8;0;1;SOUTERRAIN;0;0;;0.9
65;45.9791;-72.1118;6410.18;17;10;3;0;1;SOUTERRAIN;0;0;;0.9
66;45.9833;-72.1161;155369;17;1.25;0.38;0;1;SOUTERRAIN;0;0;;0.9
67;46.0907;-71.9033;327788;17;27.5;13.75;0;1;SOUTERRAIN;1;0;;0.9
68;46.2224;-72.5835;6298.32;17;20.4;10.2;0;1;SOUTERRAIN;0;0;;0.9
69;46.1354;-72.5906;53454.1;17;16.5;8.25;0;1;SOUTERRAIN;0;0;;0.9
70;45.9737;-72.3550;0.00800328;17;107.08;35.69;0;1;SOUTERRAIN;0;0;;0.9
71;45.8180;-72.0572;0.678331;5;12.8;6.4;0;1;SOUTERRAIN;0;0;;0.9
72;46.0744;-72.2974;2802.59;17;117.67;39.22;0;1;SOUTERRAIN;0;0;;0.9
73;45.9987;-72.4746;601.836;17;112.64;37.55;0;1;SURFACE;0;1;26477216-4;0.9
74;46.0821;-72.3268;377.951;17;115.56;38.52;0;1;SOUTERRAIN;0;0;;0.9
75;46.0790;-72.2809;207689;17;118.27;39.42;0;1;SOUTERRAIN;0;0;;0.9
76;46.0643;-72.0337;52268.2;17;5.88;1.7;7.43;1;SOUTERRAIN;0;0;;0.9
77;46.0968;-72.6102;302989;17;50.5;25.25;0;1;SOUTERRAIN;1;0;;0.9
78;46.0813;-72.2886;1206.36;17;112;37.33;0;1;SOUTERRAIN;0;0;;0.9
79;45.9853;-72.4873;29596.6;17;116;38.67;0;1;SOUTERRAIN;0;0;;0.9
80;46.1093;-72.6137;597.116;17;50;25;0;1;SOUTERRAIN;0;0;;0.9
81;46.1147;-72.6168;25771;17;60;30;0;1;SOUTERRAIN;0;0;;0.9
82;46.1107;-72.6133;1005.58;17;50;25;0;1;SOUTERRAIN;0;0;;0.9
83;46.1151;-72.6164;37209.2;17;60;30;0;1;SOUTERRAIN;0;0;;0.9
84;45.7174;-71.8930;144227;5;20;6;0;1;SOUTERRAIN;0;0;;0.9
85;45.9932;-72.4447;415.249;17;109.09;36.36;0;1;SURFACE;0;1;90560947-6;0.9
86;45.9914;-72.4240;664.166;17;82.5;27.5;0;1;SOUTERRAIN;0;0;;0.9
87;45.9919;-72.4258;299.234;17;104;34.67;0;1;SOUTERRAIN;0;0;;0.9
88;45.9925;-72.4268;241.398;17;105.89;35.3;0;1;SOUTERRAIN;0;0;;0.9
89;46.0512;-72.3530;194315;17;60;30;0;1;SOUTERRAIN;0;0;;0.9
90;46.0469;-72.3597;13949.2;17;60;30;0;1;SOUTERRAIN;0;0;;0.9
91;46.0494;-72.3582;62197.1;17;60;30;0;1;SOUTERRAIN;0;0;;0.9
92;46.1298;-72.6180;8231.93;17;50;25;0;1;SOUTERRAIN;0;0;;0.9
93;46.1327;-72.6218;108.247;17;16;8;0;1;SOUTERRAIN;0;0;;0.9
94;46.1335;-72.6211;11.4351;17;50;25;0;1;SOUTERRAIN;0;0;;0.9
95;46.1098;-72.6158;12289.3;17;60;30;0;1;SOUTERRAIN;0;0;;0.9
96;46.0572;-72.3280;468.556;17;117.4;39.13;0;1;SOUTERRAIN;0;0;;0.9
97;46.0572;-72.3299;5.5867;17;94.62;31.54;0;1;SOUTERRAIN;0;0;;0.9
98;46.2249;-72.5848;20367.5;17;60;30;0;1;SOUTERRAIN;0;0;;0.9
99;46.2246;-72.5841;21661.1;17;60;30;0;1;SOUTERRAIN;0;0;;0.9
100;46.2244;-72.5835;10939.4;17;60;30;0;1;SOUTERRAIN;0;0;;0.9
101;46.2242;-72.5833;8346.72;17;60;30;0;1;SOUTERRAIN;0;0;;0.9
102;45.9764;-72.3513;457.34;17;106.4;35.47;0;1;SOUTERRAIN;0;0;;0.9
103;46.0637;-72.0303;165.084;17;1.19;0.59;77.62;1;SOUTERRAIN;0;0;;0.9
104;46.0759;-72.5413;144.393;17;13.2;6.6;53.6;1;SOUTERRAIN;0;0;;0.9
105;46.0828;-72.5307;116.567;17;40;20;0;1;SOUTERRAIN;0;0;;0.9
106;46.0739;-72.5366;32121.5;17;40;20;0;1;SOUTERRAIN;0;0;;0.9
107;45.7128;-71.8935;21710.8;5;40;20;0;1;SOUTERRAIN;0;0;;0.9
108;46.0821;-72.3623;0.0679007;17;116.3;38.77;0;1;SOUTERRAIN;0;0;;0.9
109;46.0878;-72.6384;15489.8;17;60;30;0;1;SOUTERRAIN;0;0;;0.9
110;46.0883;-72.6378;19878.2;17;50;25;0;1;SOUTERRAIN;0;0;;0.9
111;46.1048;-72.4737;218.2;17;50;25;0;1;SOUTERRAIN;0;0;;0.9
112;46.0999;-72.4655;1421.25;17;50;25;0;1;SOUTERRAIN;0;0;;0.9
113;46.0995;-72.4667;743.212;17;50;25;0;1;SOUTERRAIN;0;0;;0.9
114;46.1015;-72.4677;121.812;17;50;25;0;1;SOUTERRAIN;0;0;;0.9
115;46.1022;-72.4715;1102.36;17;50;25;0;1;SOUTERRAIN;0;0;;0.9
116;46.1060;-72.4785;1075.97;17;50;25;0;1;SOUTERRAIN;0;0;;0.9
117;46.0161;-72.5056;16180.8;17;102.13;34.04;0;1;SOUTERRAIN;0;0;;0.9
118;46.0175;-72.5052;5917.63;17;81.6;27.2;0;1;SOUTERRAIN;0;0;;0.9
119;45.7165;-71.8888;61722.5;5;20;6;0;1;SOUTERRAIN;0;0;;0.9
120;45.7167;-71.8907;88606.3;5;20;6;0;1;SOUTERRAIN;0;0;;0.9
121;46.0445;-72.6450;30198.2;17;60;30;0;1;SOUTERRAIN;0;0;;0.9
122;45.9891;-72.4226;220.627;17;112.5;37.5;0;1;SOUTERRAIN;0;0;;0.9
123;46.0604;-72.3609;63526.8;17;60;30;0;1;SOUTERRAIN;0;0;;0.9
124;46.0589;-72.3589;85707.1;17;60;30;0;1;SOUTERRAIN;0;0;;0.9
125;46.0560;-72.3651;133871;17;60;30;0;1;SOUTERRAIN;0;0;;0.9
126;46.1211;-72.6119;17472.8;17;60;30;0;1;SOUTERRAIN;0;0;;0.9
127;46.2261;-72.5702;56920.2;17;50;25;0;1;SOUTERRAIN;1;0;;0.9
128;46.2229;-72.5738;98181.7;17;50;25;0;1;SOUTERRAIN;0;0;;0.9
129;46.2267;-72.5868;46729.7;17;60;30;0;1;SOUTERRAIN;0;0;;0.9
130;46.2230;-72.5922;68076.1;17;60;30;0;1;SOUTERRAIN;0;0;;0.9
131;46.0757;-72.3288;2270.38;17;54.06;18.02;0;1;SOUTERRAIN;0;0;;0.9
132;46.2216;-72.5810;49926.2;17;60;30;0;1;SOUTERRAIN;0;0;;0.9
133;46.0514;-72.6403;3164.64;17;60;30;0;1;SOUTERRAIN;0;0;;0.9
134;45.9918;-72.4410;60.1763;17;112.75;37.58;0;1;SOUTERRAIN;0;0;;0.9
135;46.1339;-72.5615;153.052;17;50;25;0;1;SOUTERRAIN;0;0;;0.9
136;46.1307;-72.5665;351.775;17;50;25;0;1;SOUTERRAIN;0;0;;0.9
137;46.0612;-72.3633;88026.1;17;60;30;0;1;SOUTERRAIN;0;0;;0.9
138;46.2215;-72.5717;80315.9;17;24;12;0;1;SOUTERRAIN;0;0;;0.9
139;46.1994;-71.8066;0.528754;17;20;10;0;1;SOUTERRAIN;0;0;;0.9
140;46.0753;-72.3314;741.176;17;116.36;38.79;0;1;SOUTERRAIN;0;0;;0.9
141;46.0738;-72.3222;1054.38;17;55.38;18.46;0;1;SOUTERRAIN;0;0;;0.9
142;46.0919;-72.6336;102419;17;30;15;0;1;SOUTERRAIN;0;0;;0.9
143;45.9624;-72.4309;17787.8;17;116.93;38.98;0;1;SOUTERRAIN;0;0;;0.9
144;45.9539;-72.4324;116.082;17;6;3;0;1;SOUTERRAIN;0;0;;0.9
145;46.1023;-72.6091;138467;17;44.4;22.2;0;1;SOUTERRAIN;0;0;;0.9
146;46.2141;-72.6144;63481.2;17;44.5;22.25;0;1;SOUTERRAIN;0;0;;0.9
147;46.0944;-72.6347;13792;17;60;30;0;1;SOUTERRAIN;0;0;;0.9
148;46.2017;-72.6129;48582.9;17;50;25;0;1;SOUTERRAIN;0;0;;0.9
149;46.1934;-72.6132;9523.02;17;50;25;0;1;SOUTERRAIN;0;0;;0.9
150;46.2175;-72.5748;48419.4;17;50;25;0;1;SOUTERRAIN;0;0;;0.9
151;46.2182;-72.5722;73330;17;50;25;0;1;SOUTERRAIN;0;0;;0.9
152;46.1441;-72.5764;26099.5;17;50;25;0;1;SOUTERRAIN;0;0;;0.9
153;46.2026;-72.6137;72534;17;50;25;0;1;SOUTERRAIN;0;0;;0.9
154;45.7127;-71.8994;67534.5;5;20;6;0;1;SOUTERRAIN;0;0;;0.9
155;46.2017;-72.6123;47790.6;17;50;25;0;1;SOUTERRAIN;0;0;;0.9
156;46.2113;-72.6121;54466.8;17;50;25;0;1;SOUTERRAIN;0;0;;0.9
157;46.2206;-72.5704;38511.5;17;50;25;0;1;SOUTERRAIN;0;0;;0.9
158;46.2117;-72.6131;108089;17;50;25;0;1;SOUTERRAIN;0;0;;0.9
159;46.0967;-72.6323;31136.5;17;50;25;0;1;SOUTERRAIN;0;0;;0.9
160;46.1412;-72.5824;175066;17;50;25;0;1;SOUTERRAIN;0;0;;0.9
161;46.1302;-72.6168;65853.5;17;60;30;0;1;SOUTERRAIN;0;0;;0.9
162;46.1366;-72.5917;4043.21;17;60;30;0;1;SOUTERRAIN;0;0;;0.9
163;46.1859;-72.5529;86674.6;17;60;30;0;1;SOUTERRAIN;0;0;;0.9
164;46.2144;-72.5775;22475.2;17;50;25;0;1;SOUTERRAIN;0;0;;0.9
165;46.1338;-72.5752;3641.25;17;50;25;0;1;SOUTERRAIN;0;0;;0.9
166;46.0785;-72.3652;234.129;17;120;40;0;1;SOUTERRAIN;0;0;;0.9
167;46.1258;-72.5975;826.978;17;50;25;0;1;SOUTERRAIN;0;0;;0.9
168;46.1373;-72.5697;564.965;17;50;25;0;1;SOUTERRAIN;0;0;;0.9
169;46.0985;-72.3546;1268.56;17;97.96;32.65;0;1;SURFACE;0;1;X2076155-4;0.9
170;46.1012;-72.3585;1409.9;17;115.5;38.5;0;1;SURFACE;0;1;X2076155-4;0.9
171;46.2274;-72.5746;93169.7;17;60;30;0;1;SOUTERRAIN;0;0;;0.9
172;46.1369;-72.5114;48806.9;17;110.21;36.74;0;1;SOUTERRAIN;0;0;;0.9
173;46.1469;-72.6244;568.423;17;60;30;0;1;SOUTERRAIN;0;0;;0.9
174;46.0766;-71.9839;12687.8;17;20;6;0;1;SOUTERRAIN;0;0;;0.9
175;46.0816;-72.4773;156200;17;50;25;0;1;SOUTERRAIN;1;0;;0.9
176;46.1189;-72.5906;322.73;17;50;25;0;1;SOUTERRAIN;0;0;;0.9
177;46.1189;-72.5949;440.371;17;50;25;0;1;SOUTERRAIN;0;0;;0.9
178;46.1992;-71.8059;547.475;17;40;20;0;1;SOUTERRAIN;0;0;;0.9
179;45.9655;-72.2901;5290.33;17;20;6;0;1;SOUTERRAIN;0;0;;0.9
180;46.0878;-72.4635;82263.5;17;50;25;0;1;SOUTERRAIN;0;0;;0.9
181;46.1063;-72.5455;54503.8;17;50;25;0;1;SOUTERRAIN;0;0;;0.9
182;46.1211;-72.5439;86583.9;17;50;25;0;1;SOUTERRAIN;1;0;;0.9
183;46.1209;-72.4948;51809;17;50;25;0;1;SOUTERRAIN;0;0;;0.9
184;46.0876;-72.4623;57170.1;17;50;25;0;1;SOUTERRAIN;0;0;;0.9
185;46.1345;-72.6258;651.048;17;39.6;19.8;0;1;SOUTERRAIN;0;0;;0.9
186;46.0732;-71.9825;79065.4;17;1;0.3;0;1;SOUTERRAIN;1;0;;0.9
187;45.9712;-72.1774;21748.9;17;319.9;0;0;1;SOUTERRAIN;0;0;;0.9
188;45.9709;-72.1768;21941.7;17;319.9;0;0;1;SOUTERRAIN;0;0;;0.9
189;45.9706;-72.1762;21837.3;17;319.9;0;0;1;SOUTERRAIN;0;0;;0.9
190;45.9703;-72.1757;21550.6;17;319.9;0;0;1;SOUTERRAIN;0;0;;0.9
191;45.7752;-72.1151;57678;5;54;27;0;1;SOUTERRAIN;0;0;;0.9
192;45.9654;-72.2907;7942.86;17;20;6;0;1;SOUTERRAIN;0;0;;0.9
193;46.0973;-72.6052;104440;17;22.2;11.1;0;1;SOUTERRAIN;0;0;;0.9
194;46.1324;-72.5201;163.363;17;107.27;35.76;0;1;SOUTERRAIN;0;0;;0.9
195;46.1339;-72.5222;287.625;17;90.91;30.3;0;1;SOUTERRAIN;0;0;;0.9
196;45.9752;-72.3569;14739.7;17;120;40;0;1;SOUTERRAIN;0;0;;0.9
197;46.1034;-72.5507;26110.7;17;50;25;0;1;SOUTERRAIN;0;0;;0.9
198;46.1238;-72.5514;2015.18;17;50;25;0;1;SOUTERRAIN;0;0;;0.9
199;46.1067;-72.5461;50457.1;17;50;25;0;1;SOUTERRAIN;0;0;;0.9
200;45.9893;-72.3596;47.343;17;120;40;0;1;SOUTERRAIN;0;0;;0.9
201;46.1214;-72.5464;124332;17;50;25;0;1;SOUTERRAIN;0;0;;0.9
202;46.1252;-72.4881;67560.8;17;50;25;0;1;SOUTERRAIN;0;0;;0.9
203;46.1244;-72.4876;60544.7;17;50;25;0;1;SOUTERRAIN;0;0;;0.9
204;46.1203;-72.4940;53068.8;17;50;25;0;1;SOUTERRAIN;0;0;;0.9
205;46.1174;-72.5007;48276.4;17;50;25;0;1;SOUTERRAIN;0;0;;0.9
206;46.1168;-72.4999;41766.4;17;50;25;0;1;SOUTERRAIN;0;0;;0.9
207;46.0883;-72.4643;78779.7;17;50;25;0;1;SOUTERRAIN;0;0;;0.9
208;46.0869;-72.4616;48965.9;17;50;25;0;1;SOUTERRAIN;0;0;;0.9
209;46.1289;-72.5535;4567.41;17;50;25;0;1;SOUTERRAIN;0;0;;0.9
210;46.1283;-72.5542;1343.13;17;50;25;0;1;SOUTERRAIN;0;0;;0.9
211;46.1244;-72.5582;86725.1;17;50;25;0;1;SOUTERRAIN;0;0;;0.9
212;46.1236;-72.5549;103956;17;50;25;0;1;SOUTERRAIN;0;0;;0.9
213;46.1285;-72.5523;3816.64;17;50;25;0;1;SOUTERRAIN;0;0;;0.9
214;46.1243;-72.5570;94399.5;17;50;25;0;1;SOUTERRAIN;0;0;;0.9
215;46.1240;-72.5558;100646;17;50;25;0;1;SOUTERRAIN;0;0;;0.9
216;46.1257;-72.5590;201615;17;50;25;0;1;SOUTERRAIN;0;0;;0.9
217;46.1195;-72.5663;109508;17;50;25;0;1;SOUTERRAIN;0;0;;0.9
218;46.1194;-72.5578;23289;17;50;25;0;1;SOUTERRAIN;0;0;;0.9
219;46.1168;-72.5605;184542;17;50;25;0;1;SOUTERRAIN;0;0;;0.9
220;46.1219;-72.4552;105964;17;114.35;38.12;0;1;SOUTERRAIN;1;0;;0.9
221;46.2287;-72.5791;1886.38;17;60;30;0;1;SOUTERRAIN;0;0;;0.9
222;46.1149;-72.5424;39858.5;17;60;30;0;1;SOUTERRAIN;0;0;;0.9
223;46.1147;-72.5397;56352.9;17;60;30;0;1;SOUTERRAIN;0;0;;0.9
224;46.1431;-72.5015;202.316;17;110.33;36.78;0;1;SOUTERRAIN;0;0;;0.9
225;46.1460;-72.4988;118180;17;54;27;0;1;SOUTERRAIN;0;1;X2073792-1;0.9
226;46.1419;-72.4994;21.9325;17;86.4;28.8;0;1;SOUTERRAIN;0;0;;0.9
227;45.9956;-72.3538;2.97489;17;120;40;0;1;SOUTERRAIN;0;0;;0.9
228;46.1183;-72.4647;35397.7;17;109.72;36.57;0;1;SOUTERRAIN;0;0;;0.9
229;46.0268;-72.3737;87416.6;17;70;10;0;1;SOUTERRAIN;0;0;;0.9
230;46.1022;-72.6133;634.08;17;20.15;10.08;0;1;SOUTERRAIN;0;0;;0.9
231;46.1616;-72.4725;78810.3;17;30;15;0;1;SOUTERRAIN;0;0;;0.9
232;46.0799;-72.3367;41.9065;17;120;40;0;1;SOUTERRAIN;0;0;;0.9
233;46.1196;-72.6130;483.414;17;50;25;0;1;SOUTERRAIN;0;0;;0.9
234;46.1200;-72.6145;248.242;17;50;25;0;1;SOUTERRAIN;0;0;;0.9
235;46.1259;-72.6116;47417.3;17;50;25;0;1;SOUTERRAIN;0;0;;0.9
236;45.9655;-72.2909;7013.9;17;20;6;0;1;SOUTERRAIN;0;0;;0.9
237;45.9691;-72.2956;25071.6;17;20;6;0;1;SOUTERRAIN;0;0;;0.9
238;45.9721;-72.2918;20141;17;20;6;0;1;SOUTERRAIN;0;0;;0.9
239;45.9697;-72.2960;54284.1;17;13.4;4.02;0;1;SOUTERRAIN;0;0;;0.9
240;45.8985;-71.9228;6958.29;17;70;14;80;1;SOUTERRAIN;0;0;;0.9
241;45.8981;-71.9237;2463.18;17;70;14;80;1;SOUTERRAIN;0;0;;0.9
242;45.8994;-71.9245;2181.41;17;40;20;80;1;SOUTERRAIN;0;0;;0.9
243;45.8995;-71.9248;2113.22;17;40;20;80;1;SOUTERRAIN;0;0;;0.9
244;45.8998;-71.9251;1380.55;17;40;20;80;1;SOUTERRAIN;0;0;;0.9
245;46.0688;-72.0574;8319.12;17;351;0;0;1;SOUTERRAIN;0;0;;0.9
246;46.1267;-72.5608;206006;17;50;25;0;1;SOUTERRAIN;0;0;;0.9
247;46.1289;-72.5621;70728.5;17;50;25;0;1;SOUTERRAIN;0;0;;0.9
248;46.1207;-72.5686;169617;17;50;25;0;1;SOUTERRAIN;0;0;;0.9
249;46.1274;-72.5622;106472;17;50;25;0;1;SOUTERRAIN;0;0;;0.9
250;46.0776;-72.3424;12296;17;120;40;0;1;SOUTERRAIN;0;0;;0.9
251;46.0861;-71.9188;33495.3;17;14.64;7.32;0;1;SOUTERRAIN;1;0;;0.9
252;46.0040;-72.5086;54841.9;17;80.72;26.91;0;1;SOUTERRAIN;0;0;;0.9
253;46.0056;-72.5079;127800;17;77.81;25.94;0;1;SOUTERRAIN;0;0;;0.9
254;46.0420;-72.3945;10738.3;17;40;20;0;1;SOUTERRAIN;0;0;;0.9
255;46.0062;-72.4369;19255.7;17;20;6;0;1;SOUTERRAIN;0;1;90560947-8;0.9
256;46.0060;-72.4359;24569.3;17;20;6;0;1;SOUTERRAIN;0;1;90560947-8;0.9
257;45.9997;-72.4497;55956.6;17;37.86;7.43;0;1;SURFACE;1;1;90560947-6;0.9
258;46.0628;-72.3192;9854.99;17;120;40;0;1;SOUTERRAIN;0;0;;0.9
259;46.0612;-72.3157;44381.1;17;38.18;12.73;0;1;SOUTERRAIN;0;0;;0.9
260;46.1336;-72.5968;506.76;17;60;30;0;1;SOUTERRAIN;0;0;;0.9
261;46.1327;-72.5914;63049;17;60;30;0;1;SOUTERRAIN;0;0;;0.9
262;46.1348;-72.5905;1970.2;17;60;30;0;1;SOUTERRAIN;0;0;;0.9
263;46.1360;-72.5514;331644;17;50;25;0;1;SOUTERRAIN;0;0;;0.9
264;46.0621;-72.3198;6498.99;17;120;40;0;1;SOUTERRAIN;0;0;;0.9
265;46.0959;-72.4725;70731.8;17;50;25;0;1;SOUTERRAIN;1;0;;0.9
266;46.0952;-72.4711;39247.9;17;50;25;0;1;SOUTERRAIN;0;0;;0.9
267;46.0947;-72.4702;36172.4;17;50;25;0;1;SOUTERRAIN;0;0;;0.9
268;46.0942;-72.4693;34790.1;17;50;25;0;1;SOUTERRAIN;0;0;;0.9
269;45.9995;-72.4924;121914;17;34.43;11.48;0;1;SOUTERRAIN;0;0;;0.9
270;46.1274;-72.4583;8994.52;17;106.67;35.56;0;1;SOUTERRAIN;0;0;;0.9
271;46.1240;-72.4636;103414;17;51;25.5;0;1;SOUTERRAIN;0;0;;0.9
272;46.1229;-72.4632;81284.1;17;115.56;38.52;0;1;SOUTERRAIN;0;0;;0.9
273;46.1292;-72.5204;127995;17;112.5;37.5;0;1;SOUTERRAIN;0;0;;0.9
274;46.0714;-72.3125;32073.9;17;116.21;38.74;0;1;SOUTERRAIN;0;0;;0.9
275;46.1247;-72.4578;77644.2;17;112.31;37.44;0;1;SOUTERRAIN;1;0;;0.9
276;46.1508;-71.8991;5521.01;17;3;1.5;0;1;SOUTERRAIN;0;0;;0.9
277;46.1213;-72.1539;56669.6;17;351;0;0;1;SURFACE;0;1;X2025794-3;0.9
278;46.1215;-72.1525;59341.4;17;351;0;0;1;SURFACE;0;1;X2025794-3;0.9
279;46.0898;-72.2728;772.494;17;118.52;39.51;0;1;SOUTERRAIN;0;0;;0.9
280;46.0935;-72.2740;91.402;17;115.56;38.52;0;1;SOUTERRAIN;0;0;;0.9
281;46.0900;-72.2793;856.665;17;116.26;38.75;0;1;SOUTERRAIN;0;0;;0.9
282;46.0851;-72.2698;924.878;17;118.92;39.64;0;1;SOUTERRAIN;0;0;;0.9
283;45.9718;-72.2914;10834.9;17;20;6;0;1;SOUTERRAIN;0;0;;0.9
284;45.9688;-72.2952;19734.4;17;20;6;0;1;SOUTERRAIN;0;0;;0.9
285;45.9668;-72.2969;1469.79;17;20;6;0;1;SOUTERRAIN;0;0;;0.9
286;46.1002;-72.4664;958.755;17;50;25;0;1;SOUTERRAIN;0;0;;0.9
287;46.1033;-72.4710;2395.4;17;50;25;0;1;SOUTERRAIN;0;0;;0.9
288;46.1068;-72.4773;1516.56;17;50;25;0;1;SOUTERRAIN;0;0;;0.9
289;46.1356;-72.5173;122322;17;118.03;39.34;0;1;SOUTERRAIN;0;0;;0.9
290;46.1424;-72.5068;15947.9;17;105;35;0;1;SOUTERRAIN;0;0;;0.9
291;46.1411;-72.5084;26377.7;17;78.46;26.15;0;1;SOUTERRAIN;0;0;;0.9
292;45.9896;-72.3599;237.597;17;120;40;0;1;SOUTERRAIN;0;0;;0.9
293;46.1007;-72.4653;1436.6;17;50;25;0;1;SOUTERRAIN;0;0;;0.9
294;46.0730;-72.3817;1026.79;17;120;40;0;1;SOUTERRAIN;0;0;;0.9
295;46.0722;-72.3801;491.018;17;120;40;0;1;SOUTERRAIN;0;0;;0.9
296;46.0700;-72.3790;21264.6;17;120;40;0;1;SOUTERRAIN;0;0;;0.9
297;46.0694;-72.3861;1668.34;17;120;40;0;1;SOUTERRAIN;0;0;;0.9
298;46.0698;-72.3826;644.323;17;120;40;0;1;SOUTERRAIN;0;0;;0.9
299;46.0930;-72.3639;2340.03;17;120;40;0;1;SURFACE;0;1;24131559-7;0.9
300;46.1123;-72.4203;14861;17;112;37.33;0;1;SOUTERRAIN;0;0;;0.9
301;46.1096;-72.4250;29258;17;74.48;24.83;0;1;SOUTERRAIN;0;0;;0.9
302;46.1335;-72.5435;2092.43;17;50;25;0;1;SOUTERRAIN;0;0;;0.9
303;46.1376;-72.5018;186513;17;117.43;39.14;0;1;SOUTERRAIN;1;0;;0.9
304;46.1176;-72.3456;207484;17;21.62;10.81;0;1;SOUTERRAIN;0;0;;0.9
305;46.0462;-72.3895;92718.2;17;13.2;6.6;0;1;SOUTERRAIN;0;0;;0.9
306;46.0065;-72.4431;3223.54;17;20;6;0;1;SURFACE;0;1;90560947-7;0.9
307;46.0064;-72.4430;4104.21;17;20;6;0;1;SURFACE;0;1;90560947-7;0.9
308;46.0063;-72.4428;4637.65;17;20;6;0;1;SURFACE;0;1;90560947-7;0.9
309;46.0066;-72.4419;10849;17;20;6;0;1;SURFACE;0;1;90560947-7;0.9
310;46.0065;-72.4417;5517.76;17;20;6;0;1;SOUTERRAIN;0;1;90560947-8;0.9
311;46.0065;-72.4414;6897.15;17;20;6;0;1;SOUTERRAIN;0;1;90560947-8;0.9
312;46.0057;-72.4420;10152.6;17;20;6;0;1;SURFACE;0;1;90560947-7;0.9
313;46.0054;-72.4419;12894.9;17;20;6;0;1;SURFACE;0;1;90560947-7;0.9
314;46.1340;-72.5122;153380;17;78.43;26.14;0;1;SOUTERRAIN;0;0;;0.9
315;46.0876;-72.4781;4736.29;17;110.77;36.92;0;1;SOUTERRAIN;1;0;;0.9
316;46.0824;-72.4843;70471.2;17;116.57;38.86;0;1;SOUTERRAIN;0;0;;0.9
317;46.0875;-72.4799;17994.6;17;106.67;35.56;0;1;SOUTERRAIN;0;0;;0.9
318;46.1117;-72.3380;26606.6;17;120;40;0;1;SOUTERRAIN;0;0;;0.9
319;46.1116;-72.3391;33436.5;17;120;40;0;1;SOUTERRAIN;0;0;;0.9
320;46.1139;-72.3274;26244.8;17;120;40;0;1;SOUTERRAIN;0;0;;0.9
321;46.1134;-72.3281;28876.4;17;120;40;0;1;SOUTERRAIN;0;0;;0.9
322;46.1633;-72.4762;225967;17;9;4.5;0;1;SOUTERRAIN;1;0;;0.9
323;46.0753;-72.3288;916.428;17;120;40;0;1;SOUTERRAIN;0;0;;0.9
324;46.0941;-72.3571;7.12988;17;120;40;0;1;SURFACE;0;1;X2076155-4;0.9
325;46.0766;-72.3394;989.62;17;88.01;29.34;0;1;SOUTERRAIN;0;0;;0.9
326;46.0835;-72.3301;333.248;17;60.73;20.24;0;1;SOUTERRAIN;0;0;;0.9
327;46.0624;-72.3087;17.3179;17;120;40;0;1;SOUTERRAIN;0;0;;0.9
328;46.1431;-72.6209;41576.4;17;60;30;0;1;SOUTERRAIN;0;0;;0.9
329;46.1326;-72.6217;207.438;17;50;25;0;1;SOUTERRAIN;0;0;;0.9
330;46.1484;-72.6253;1283.14;17;60;30;0;1;SOUTERRAIN;0;0;;0.9
331;45.9713;-72.2906;14381.5;17;20;6;0;1;SOUTERRAIN;0;0;;0.9
332;46.1383;-72.4819;86558.7;17;115.81;38.6;0;1;SOUTERRAIN;0;0;;0.9
333;46.1400;-72.4864;12020.2;17;110;36.67;0;1;SOUTERRAIN;0;0;;0.9
334;46.1341;-72.4878;190684;17;118.12;39.37;0;1;SOUTERRAIN;0;0;;0.9
335;46.1380;-72.4865;38450;17;110.53;36.84;0;1;SOUTERRAIN;0;0;;0.9
336;46.1368;-72.4852;34514.4;17;109.42;36.47;0;1;SOUTERRAIN;0;0;;0.9
337;46.0850;-72.2847;334.526;17;112.66;37.55;0;1;SOUTERRAIN;0;0;;0.9
338;46.0803;-72.2765;27.5738;17;118.92;39.64;0;1;SOUTERRAIN;0;0;;0.9
339;46.0761;-72.2790;290.26;17;118.82;39.61;0;1;SOUTERRAIN;0;0;;0.9
340;46.0760;-72.2983;383.914;17;117.76;39.25;0;1;SOUTERRAIN;0;0;;0.9
341;46.1336;-72.5234;168.481;17;31.82;10.61;0;1;SOUTERRAIN;0;0;;0.9
342;46.1468;-72.5020;85269.8;17;111.53;37.18;0;1;SOUTERRAIN;0;1;X2073792-1;0.9
343;46.1398;-72.5062;52457.7;17;57.7;19.23;0;1;SOUTERRAIN;0;0;;0.9
344;46.0803;-72.3739;31626.5;17;120;40;0;1;SOUTERRAIN;0;0;;0.9
345;45.9911;-72.3355;719.178;17;93.28;31.09;0;1;SOUTERRAIN;0;1;15770910-2;0.9
346;46.1088;-72.5941;415382;17;19.63;9.81;0;1;SOUTERRAIN;0;0;;0.9
347;45.9922;-72.3648;5077.15;17;120;40;0;1;SOUTERRAIN;0;0;;0.9
348;45.9938;-72.3694;6670.97;17;94.22;31.41;0;1;SOUTERRAIN;0;0;;0.9
349;45.9926;-72.3588;6968.21;17;120;40;0;1;SOUTERRAIN;0;0;;0.9
350;46.0924;-72.3715;231.223;17;120;40;0;1;SURFACE;0;1;24131559-7;0.9
351;46.0866;-72.3792;1065.35;17;120;40;0;1;SOUTERRAIN;0;0;;0.9
352;46.0858;-72.3779;445.638;17;120;40;0;1;SOUTERRAIN;0;0;;0.9
353;46.0900;-72.3730;198.765;17;120;40;0;1;SURFACE;0;1;24131559-7;0.9
354;46.0825;-72.3818;306.587;17;120;40;0;1;SOUTERRAIN;0;0;;0.9
355;46.0809;-72.3744;5144.83;17;120;40;0;1;SOUTERRAIN;0;0;;0.9
356;46.0736;-72.3728;404.582;17;120;40;0;1;SOUTERRAIN;0;0;;0.9
357;46.0770;-72.3679;285.616;17;120;40;0;1;SOUTERRAIN;0;0;;0.9
358;46.0553;-72.3335;2286.28;17;120;40;0;1;SOUTERRAIN;0;0;;0.9
359;46.0918;-72.4954;3886.86;17;50;25;0;1;SOUTERRAIN;0;0;;0.9
360;46.1381;-72.5722;618.07;17;50;25;0;1;SOUTERRAIN;0;0;;0.9
361;46.1347;-72.5767;3047.77;17;50;25;0;1;SOUTERRAIN;0;0;;0.9
362;46.0862;-72.4718;30723;17;50;25;0;1;SOUTERRAIN;0;0;;0.9
363;46.0924;-72.4648;61923.6;17;50;25;0;1;SOUTERRAIN;0;0;;0.9
364;46.0891;-72.4686;106066;17;50;25;0;1;SOUTERRAIN;0;0;;0.9
365;46.1290;-72.6185;106829;17;50;25;0;1;SOUTERRAIN;0;0;;0.9
366;46.0574;-72.6354;3406.16;17;60;30;0;1;SOUTERRAIN;0;0;;0.9
367;46.0561;-72.6459;124476;17;60;30;0;1;SOUTERRAIN;0;0;;0.9
368;46.0884;-72.4985;5838.64;17;50;25;0;1;SOUTERRAIN;0;0;;0.9
369;46.0759;-71.9187;50011.1;17;14;7;0;1;SOUTERRAIN;0;1;X2015552-1;0.9
370;46.0745;-71.9229;73167.2;17;30.48;15.24;0;1;SOUTERRAIN;1;1;X2015552-1;0.9
371;46.0749;-71.9211;96629.2;17;31.09;14.39;4.4;1;SOUTERRAIN;1;1;X2015552-1;0.9
372;46.0820;-71.9174;42466.1;17;30.8;15.4;0;1;SOUTERRAIN;1;0;;0.9
373;46.0819;-71.9189;67788.1;17;26.88;11.96;0;1;SOUTERRAIN;0;1;X2015552-1;0.9
374;46.0778;-71.9175;52443.1;17;17.2;8.6;0;1;SOUTERRAIN;0;1;X2015552-1;0.9
375;46.0444;-72.3932;15423.3;17;40;20;0;1;SOUTERRAIN;0;0;;0.9
376;46.0113;-72.4387;43895.4;17;47.73;9.55;54.54;1;SOUTERRAIN;0;1;90560947-8;0.9
377;46.0004;-72.4393;24319.5;17;20;6;0;1;SURFACE;0;1;90560947-7;0.9
378;46.0008;-72.4404;19424.1;17;40;20;60;1;SURFACE;0;1;90560947-7;0.9
379;46.0036;-72.4356;44022;17;20;6;0;1;SOUTERRAIN;0;1;90560947-8;0.9
380;46.0845;-72.3795;463.081;17;90.56;30.19;0;1;SOUTERRAIN;0;0;;0.9
381;45.9726;-72.3565;24356.3;17;34.28;11.43;0;1;SOUTERRAIN;0;0;;0.9
382;46.1191;-72.6072;10845.4;17;50;25;0;1;SOUTERRAIN;0;0;;0.9
383;46.1201;-72.6091;7533.44;17;50;25;0;1;SOUTERRAIN;0;0;;0.9
384;46.1202;-72.6223;2750.53;17;60;30;0;1;SOUTERRAIN;0;0;;0.9
385;46.1103;-72.6129;1401.12;17;48.6;24.3;0;1;SOUTERRAIN;0;0;;0.9
386;46.1125;-72.6151;1707.04;17;48;24;0;1;SOUTERRAIN;0;0;;0.9
387;46.1105;-72.6144;232.837;17;54.6;27.3;0;1;SOUTERRAIN;0;0;;0.9
388;46.0853;-72.2753;341.634;17;117.4;39.13;0;1;SOUTERRAIN;0;0;;0.9
389;46.1957;-72.5586;23599.9;17;20;6;0;1;SOUTERRAIN;0;0;;0.9
390;46.1357;-72.4929;41384.1;17;87.8;29.27;0;1;SOUTERRAIN;0;0;;0.9
391;46.0705;-72.2901;1446.44;17;117.84;39.28;0;1;SOUTERRAIN;0;0;;0.9
392;46.1424;-72.5008;2065.71;17;116.84;38.95;0;1;SOUTERRAIN;0;0;;0.9
393;46.0926;-72.4807;10010.1;17;50;25;0;1;SOUTERRAIN;0;0;;0.9
394;46.0976;-72.4743;3697.1;17;50;25;0;1;SOUTERRAIN;0;0;;0.9
395;46.0800;-72.3258;62109;17;120;40;0;1;SOUTERRAIN;0;0;;0.9
396;46.0660;-72.3896;3155.82;17;120;40;0;1;SOUTERRAIN;0;0;;0.9
397;46.0659;-72.3879;297.692;17;120;40;0;1;SOUTERRAIN;0;0;;0.9
398;46.0641;-72.3886;1979.35;17;120;40;0;1;SOUTERRAIN;0;0;;0.9
399;46.0635;-72.3847;357.52;17;120;40;0;1;SOUTERRAIN;0;0;;0.9
400;46.0885;-72.3593;1653.21;17;120;40;0;1;SURFACE;0;1;24131559-7;0.9
401;46.0666;-72.3698;3037.08;17;120;40;0;1;SOUTERRAIN;0;0;;0.9
402;46.1271;-72.5379;4778.38;17;50;25;0;1;SOUTERRAIN;0;0;;0.9
403;46.1239;-72.5418;376.437;17;50;25;0;1;SOUTERRAIN;0;0;;0.9
404;46.1311;-72.5331;803.571;17;50;25;0;1;SOUTERRAIN;0;0;;0.9
405;46.1246;-72.5514;1379.62;17;50;25;0;1;SOUTERRAIN;0;0;;0.9
406;46.1250;-72.6141;86122.3;17;50;25;0;1;SOUTERRAIN;0;0;;0.9
407;46.1448;-72.6267;52361.2;17;50;25;0;1;SOUTERRAIN;0;0;;0.9
408;46.0634;-72.0571;792.339;17;350.12;0;0;1;SOUTERRAIN;0;0;;0.9
409;46.1449;-72.5585;3509.56;17;50;25;0;1;SOUTERRAIN;0;0;;0.9
410;46.1264;-72.5700;1522.07;17;50;25;0;1;SOUTERRAIN;0;0;;0.9
411;45.9507;-72.2629;56543.3;17;20;6;0;1;SOUTERRAIN;0;0;;0.9
412;46.1073;-72.3612;126913;17;36.85;12.28;0;1;SOUTERRAIN;0;0;;0.9
413;46.1090;-72.3620;122197;17;120;40;0;1;SOUTERRAIN;0;0;;0.9
414;45.9611;-71.9811;42483.1;17;20;10;0;1;SOUTERRAIN;0;0;;0.9
415;46.1669;-72.5166;159894;17;111.77;37.26;0;1;SOUTERRAIN;0;0;;0.9
416;46.0394;-72.2887;93356.7;17;120;40;0;1;SOUTERRAIN;0;0;;0.9
417;46.0436;-72.2923;57827.7;17;120;40;0;1;SOUTERRAIN;0;0;;0.9
418;46.0418;-72.2901;153591;17;120;40;0;1;SOUTERRAIN;0;0;;0.9
419;46.0357;-72.2925;57554.6;17;120;40;0;1;SOUTERRAIN;0;0;;0.9
420;46.1377;-72.4901;27471.9;17;111.11;37.04;0;1;SOUTERRAIN;0;0;;0.9
421;46.0827;-72.2690;0.23713;17;118.57;39.52;0;1;SOUTERRAIN;0;0;;0.9
422;46.0875;-72.4790;1.1227;17;108.58;36.19;0;1;SOUTERRAIN;0;0;;0.9
423;46.1352;-72.4907;31331.1;17;108.38;36.13;0;1;SOUTERRAIN;0;0;;0.9
424;46.1693;-72.5293;73286.1;17;30.91;15.45;0;1;SOUTERRAIN;0;0;;0.9
425;46.1717;-72.5318;146496;17;50;25;0;1;SOUTERRAIN;0;0;;0.9
426;46.0272;-72.3090;139744;17;69.43;23.14;0;1;SOUTERRAIN;0;0;;0.9
427;46.1879;-72.5356;11153.8;17;50;25;0;1;SOUTERRAIN;0;0;;0.9
428;46.0971;-72.3571;0.0406731;17;15.38;7.69;0;1;SURFACE;0;1;X2076155-4;0.9
429;45.9989;-72.4733;26310.9;17;94.88;31.63;0;1;SURFACE;0;1;26477216-4;0.9
430;46.2017;-72.5926;204414;17;60;30;0;1;SOUTERRAIN;0;0;;0.9
431;46.1806;-72.5450;91617.8;17;24;12;0;1;SOUTERRAIN;0;0;;0.9
432;46.1751;-72.5617;70116.1;17;23.4;11.7;0;1;SOUTERRAIN;0;0;;0.9
433;46.0052;-72.4658;12161;17;100;33.33;0;1;SOUTERRAIN;0;1;X2181152-1;0.9
434;46.0770;-72.5407;2609.21;17;13.2;6.6;26.4;1;SOUTERRAIN;0;0;;0.9
435;45.6658;-71.8554;9345.96;5;45;12;120;1;SOUTERRAIN;0;0;;0.9
436;46.0687;-72.3642;76462.7;17;60;30;0;1;SOUTERRAIN;0;0;;0.9
437;46.1881;-72.5359;10856.4;17;50;25;0;1;SOUTERRAIN;0;0;;0.9
438;46.0776;-72.5411;2665.31;17;40;20;80;1;SOUTERRAIN;0;0;;0.9
439;46.0838;-72.5209;2866.39;17;40;20;80;1;SOUTERRAIN;0;0;;0.9
440;46.0851;-72.5189;2360.03;17;40;20;80;1;SOUTERRAIN;0;0;;0.9
441;46.0760;-72.5315;3326.43;17;40;20;80;1;SOUTERRAIN;0;0;;0.9
442;46.0561;-72.6096;50722.9;17;60;30;0;1;SOUTERRAIN;0;0;;0.9
443;46.0559;-72.6089;48390.8;17;60;30;0;1;SOUTERRAIN;0;0;;0.9
444;46.0631;-72.6075;151824;17;60;30;0;1;SOUTERRAIN;0;0;;0.9
445;46.0718;-72.3580;91195.8;17;60;30;0;1;SOUTERRAIN;0;0;;0.9
446;46.0694;-72.3653;83965.4;17;60;30;0;1;SOUTERRAIN;0;0;;0.9
447;46.0863;-72.5269;3816.04;17;40;20;80;1;SOUTERRAIN;0;0;;0.9
448;46.2076;-72.5980;22190.4;17;50;25;0;1;SOUTERRAIN;0;0;;0.9
449;46.2091;-72.6012;67466.3;17;50;25;0;1;SOUTERRAIN;0;0;;0.9
450;46.1883;-72.5361;11160.1;17;50;25;0;1;SOUTERRAIN;0;0;;0.9
451;46.1877;-72.5354;10889.8;17;50;25;0;1;SOUTERRAIN;0;0;;0.9
452;46.1368;-72.5691;18259.1;17;50;25;0;1;SOUTERRAIN;0;0;;0.9
453;46.1352;-72.5685;30914.6;17;50;25;0;1;SOUTERRAIN;0;0;;0.9
454;46.2238;-72.5949;120098;17;60;30;0;1;SOUTERRAIN;0;0;;0.9
455;46.1323;-72.5735;327303;17;50;25;0;1;SOUTERRAIN;0;0;;0.9
456;46.1233;-72.6276;169476;17;50;25;0;1;SOUTERRAIN;0;0;;0.9
457;46.1848;-72.5403;66975;17;50;25;0;1;SOUTERRAIN;0;0;;0.9
458;46.0841;-72.2724;3856.27;17;118.85;39.62;0;1;SOUTERRAIN;0;0;;0.9
459;46.0867;-72.2768;378.608;17;117.34;39.11;0;1;SOUTERRAIN;0;0;;0.9
460;46.2187;-72.5795;191587;17;55;27.5;0;1;SOUTERRAIN;0;0;;0.9
461;46.0691;-72.2898;1913.8;17;117.73;39.24;0;1;SOUTERRAIN;0;0;;0.9
462;46.2062;-72.6007;113324;17;44;22;0;1;SOUTERRAIN;0;0;;0.9
463;46.0043;-72.4915;3161.19;17;85.61;28.54;0;1;SOUTERRAIN;0;0;;0.9
464;46.0855;-72.2730;2281.92;17;118.88;39.63;0;1;SOUTERRAIN;0;0;;0.9
465;45.9956;-72.3549;660.13;17;90.91;30.3;0;1;SOUTERRAIN;0;0;;0.9
466;46.0810;-72.3313;1377.98;17;118.15;39.38;0;1;SOUTERRAIN;0;0;;0.9
467;45.9972;-72.4332;1545.58;17;104.35;34.78;0;1;SOUTERRAIN;0;0;;0.9
468;45.9938;-72.3589;901.529;17;108.96;36.32;0;1;SOUTERRAIN;0;0;;0.9
469;45.8085;-72.0603;676.459;5;15.6;7.8;0;1;SOUTERRAIN;0;0;;0.9
470;46.1068;-72.6152;87799.4;17;55.2;27.6;0;1;SOUTERRAIN;0;0;;0.9
471;46.1178;-72.6043;8428.64;17;12;6;0;1;SOUTERRAIN;0;0;;0.9
472;45.9926;-72.4498;969.912;17;117.72;39.24;0;1;SURFACE;0;1;90560947-6;0.9
473;45.9892;-72.4539;2064.38;17;115.38;38.46;0;1;SOUTERRAIN;0;0;;0.9
474;45.9939;-72.4552;447.379;17;112;37.33;0;1;SURFACE;0;1;90560947-6;0.9
475;45.9941;-72.4574;977.773;17;116.1;38.7;0;1;SURFACE;0;1;90560947-6;0.9
476;45.9954;-72.4238;77.949;17;116.26;38.75;0;1;SOUTERRAIN;0;0;;0.9
477;45.9703;-72.3635;606.622;17;84;28;0;1;SOUTERRAIN;0;0;;0.9
478;45.9904;-72.3690;15.7221;17;120;40;0;1;SOUTERRAIN;0;0;;0.9
479;46.0822;-72.5227;6313.05;17;19.6;9.8;39.2;1;SOUTERRAIN;0;0;;0.9
480;46.0808;-72.2864;69.8933;17;117;39;0;1;SOUTERRAIN;0;0;;0.9
481;46.0749;-72.2783;437.462;17;118.82;39.61;0;1;SOUTERRAIN;0;0;;0.9
482;46.0672;-72.3161;2507.19;17;76.25;25.42;0;1;SOUTERRAIN;0;0;;0.9
483;46.0808;-72.3270;23249.4;17;120;40;0;1;SOUTERRAIN;0;0;;0.9
484;45.9936;-72.4218;235.036;17;115.2;38.4;0;1;SOUTERRAIN;0;0;;0.9
485;45.9928;-72.3640;542.951;17;120;40;0;1;SOUTERRAIN;0;0;;0.9
486;45.8109;-72.0605;38.413;5;15.6;7.8;0;1;SOUTERRAIN;0;0;;0.9
487;45.8109;-72.0605;38.413;5;8.4;4.2;0;1;SOUTERRAIN;0;0;;0.9
488;45.8090;-72.0607;93355.9;5;15.6;7.8;0;1;SOUTERRAIN;0;0;;0.9
489;46.1336;-72.5964;20060;17;60;30;0;1;SOUTERRAIN;0;0;;0.9
490;46.1188;-72.6224;71474.8;17;60;30;0;1;SOUTERRAIN;0;0;;0.9
491;46.1189;-72.6141;788.148;17;60;30;0;1;SOUTERRAIN;0;0;;0.9
492;46.1036;-72.5429;34526.2;17;60;30;0;1;SOUTERRAIN;0;0;;0.9
493;46.0800;-72.5376;1253.81;17;40;20;80;1;SOUTERRAIN;0;0;;0.9
494;46.2173;-72.5776;167008;17;60;30;0;1;SOUTERRAIN;0;0;;0.9
495;46.1336;-72.5909;162.26;17;60;30;0;1;SOUTERRAIN;0;0;;0.9
496;46.1347;-72.5900;75992.1;17;60;30;0;1;SOUTERRAIN;0;0;;0.9
497;46.0846;-72.5296;3706.21;17;40;20;80;1;SOUTERRAIN;0;0;;0.9
498;46.0837;-72.5296;1783.87;17;40;20;80;1;SOUTERRAIN;0;0;;0.9
499;46.1294;-72.5436;4295.42;17;50;25;0;1;SOUTERRAIN;0;0;;0.9
500;46.1307;-72.5680;203270;17;50;25;0;1;SOUTERRAIN;0;0;;0.9
501;46.1385;-72.5656;36742.2;17;50;25;0;1;SOUTERRAIN;0;0;;0.9
502;46.1374;-72.5640;18095.3;17;50;25;0;1;SOUTERRAIN;0;0;;0.9
503;46.1363;-72.5638;12422.8;17;50;25;0;1;SOUTERRAIN;0;0;;0.9
504;46.1193;-72.5917;91976.6;17;50;25;0;1;SOUTERRAIN;0;0;;0.9
505;46.1188;-72.5942;139709;17;50;25;0;1;SOUTERRAIN;0;0;;0.9
506;46.2249;-72.5771;48.0717;17;60;30;0;1;SOUTERRAIN;0;0;;0.9
507;46.0957;-72.4919;4.58311;17;50;25;0;1;SOUTERRAIN;0;0;;0.9
508;46.1100;-72.6131;39586.9;17;50;25;0;1;SOUTERRAIN;0;0;;0.9
509;46.1399;-72.5671;143770;17;50;25;0;1;SOUTERRAIN;0;0;;0.9
510;46.1251;-72.5958;192244;17;50;25;0;1;SOUTERRAIN;0;0;;0.9
511;46.1368;-72.5915;73084.7;17;60;30;0;1;SOUTERRAIN;0;0;;0.9
512;46.1040;-72.5431;39239.7;17;60;30;0;1;SOUTERRAIN;0;0;;0.9
513;46.1197;-72.6214;56692.8;17;60;30;0;1;SOUTERRAIN;0;0;;0.9
514;46.1190;-72.6115;11.4271;17;60;30;0;1;SOUTERRAIN;0;0;;0.9
515;46.2282;-72.5789;119760;17;60;30;0;1;SOUTERRAIN;0;0;;0.9
516;46.0788;-72.5375;1229.57;17;40;20;80;1;SOUTERRAIN;0;0;;0.9
517;46.0904;-72.4951;1221.45;17;50;25;0;1;SOUTERRAIN;0;0;;0.9
518;46.1378;-72.5648;25612.7;17;50;25;0;1;SOUTERRAIN;0;0;;0.9
519;46.1364;-72.5911;18483.8;17;60;30;0;1;SOUTERRAIN;0;0;;0.9
520;45.9857;-72.3384;2053.06;17;110.77;36.92;0;1;SOUTERRAIN;0;1;15770910-2;0.9
521;45.9854;-72.3373;1605.1;17;114.78;38.26;0;1;SOUTERRAIN;0;1;15770910-2;0.9
522;45.9588;-72.4355;185.844;17;87.28;29.09;0;1;SOUTERRAIN;0;0;;0.9
523;45.9591;-72.4339;1376.34;17;114.78;38.26;0;1;SOUTERRAIN;0;0;;0.9
524;45.9579;-72.4341;6989.55;17;115;38.33;0;1;SOUTERRAIN;0;0;;0.9
525;46.0473;-72.3230;192.058;17;120;40;0;1;SOUTERRAIN;0;0;;0.9
526;45.9780;-72.3631;157.386;17;113.33;37.78;0;1;SOUTERRAIN;0;0;;0.9
527;46.0821;-72.2791;94.9828;17;118.92;39.64;0;1;SOUTERRAIN;0;0;;0.9
528;45.8089;-72.0626;122.057;5;15.6;7.8;0;1;SOUTERRAIN;0;0;;0.9
529;45.9813;-72.3454;2196.88;17;106.4;35.47;0;1;SOUTERRAIN;0;0;;0.9
530;46.1044;-72.6165;135955;17;21.25;10.63;0;1;SOUTERRAIN;0;0;;0.9
531;45.9749;-72.3554;88.2424;17;117.9;39.3;0;1;SOUTERRAIN;0;0;;0.9
532;45.9722;-72.3579;480.736;17;120;40;0;1;SOUTERRAIN;0;0;;0.9
533;45.9684;-72.3616;3214.99;17;117.07;39.02;0;1;SOUTERRAIN;1;0;;0.9
534;46.0430;-72.1823;99183.9;17;14;7;0;1;SOUTERRAIN;0;0;;0.9
535;46.0441;-72.1819;30094.5;17;5.2;2.6;10.4;1;SOUTERRAIN;0;0;;0.9
536;45.9829;-72.3441;425.544;17;117.14;39.05;0;1;SOUTERRAIN;0;1;15770910-2;0.9
537;45.9837;-72.3489;367.493;17;106.4;35.47;0;1;SOUTERRAIN;0;0;;0.9
538;45.9684;-72.3596;825.059;17;116.57;38.86;0;1;SOUTERRAIN;0;0;;0.9
539;46.0513;-72.3154;69785.6;17;34.8;11.6;0;1;SOUTERRAIN;0;0;;0.9
540;45.9861;-72.3392;457.729;17;113.33;37.78;0;1;SOUTERRAIN;0;1;15770910-2;0.9
541;46.0813;-72.3631;304.657;17;116.3;38.77;0;1;SOUTERRAIN;0;0;;0.9
542;46.0786;-72.3650;217.122;17;120;40;0;1;SOUTERRAIN;0;0;;0.9
543;46.0807;-72.3628;8743.54;17;120;40;0;1;SOUTERRAIN;1;0;;0.9
544;46.0682;-72.3789;2475.44;17;116.88;38.96;0;1;SOUTERRAIN;0;0;;0.9
545;46.0984;-72.6291;72507.3;17;54.36;27.18;0;1;SOUTERRAIN;0;0;;0.9
546;46.1351;-72.5903;26967;17;60;30;0;1;SOUTERRAIN;0;0;;0.9
547;45.9761;-72.3519;2180.79;17;107.08;35.69;0;1;SOUTERRAIN;0;0;;0.9
548;45.9738;-72.3551;2.61773;17;107.08;35.69;0;1;SOUTERRAIN;0;0;;0.9
549;46.1458;-72.5542;6144.18;17;31;15.5;0;1;SOUTERRAIN;0;0;;0.9
550;45.9837;-72.3519;2754.04;17;116.17;38.72;0;1;SOUTERRAIN;0;0;;0.9
551;45.9695;-72.3619;1754.99;17;116.57;38.86;0;1;SOUTERRAIN;0;0;;0.9
552;45.9794;-72.3633;876.001;17;117.67;39.22;0;1;SOUTERRAIN;0;0;;0.9
553;45.9770;-72.3633;14330.7;17;98.51;32.84;0;1;SOUTERRAIN;0;0;;0.9
554;46.0763;-72.3002;34.7644;17;117.76;39.25;0;1;SOUTERRAIN;0;0;;0.9
555;45.9973;-72.4532;952.639;17;113.24;37.75;0;1;SURFACE;0;1;90560947-6;0.9
556;45.9995;-72.4739;17062.6;17;112.64;37.55;0;1;SURFACE;0;1;26477216-4;0.9
557;45.9736;-72.4526;6936.75;17;116.84;38.95;0;1;SOUTERRAIN;0;0;;0.9
558;45.9592;-72.4314;3150.5;17;45.47;15.16;0;1;SOUTERRAIN;0;0;;0.9
559;46.0812;-72.3277;26201;17;120;40;0;1;SOUTERRAIN;0;0;;0.9
560;46.0792;-72.3311;331.376;17;117.07;39.02;0;1;SOUTERRAIN;0;0;;0.9
561;46.0627;-72.0316;212206;17;5.88;1.7;77.62;1;SOUTERRAIN;1;0;;0.9
562;45.9730;-72.3585;565.052;17;114.54;38.18;0;1;SOUTERRAIN;0;0;;0.9
563;45.9724;-72.3553;45430.3;17;72;24;0;1;SOUTERRAIN;0;0;;0.9
564;45.9630;-72.4324;19.7659;17;78.95;26.32;0;1;SOUTERRAIN;0;0;;0.9
565;45.9590;-72.4348;617.351;17;113.33;37.78;0;1;SOUTERRAIN;0;0;;0.9
566;45.9977;-72.4249;1337.68;17;116.57;38.86;0;1;SOUTERRAIN;0;0;;0.9
567;46.0803;-72.2867;16.8302;17;117;39;0;1;SOUTERRAIN;0;0;;0.9
568;45.9963;-72.3747;2512.33;17;117.65;39.22;0;1;SOUTERRAIN;0;0;;0.9
569;45.9743;-72.3589;592.819;17;116;38.67;0;1;SOUTERRAIN;0;0;;0.9
570;46.1098;-72.6140;26864.5;17;54.6;27.3;0;1;SOUTERRAIN;0;0;;0.9
571;46.1092;-72.6114;263.143;17;50;25;0;1;SOUTERRAIN;0;0;;0.9
572;46.1114;-72.6139;44803;17;50;25;0;1;SOUTERRAIN;0;0;;0.9
573;46.0883;-72.5987;295022;17;45;22.5;0;1;SOUTERRAIN;0;0;;0.9
574;46.1242;-72.5527;71143.9;17;50;25;0;1;SOUTERRAIN;0;0;;0.9
575;46.0972;-72.4773;125.929;17;50;25;0;1;SOUTERRAIN;0;0;;0.9
576;46.0965;-72.4767;236.813;17;50;25;0;1;SOUTERRAIN;0;0;;0.9
577;46.0926;-72.4809;96.717;17;50;25;0;1;SOUTERRAIN;0;0;;0.9
578;46.0959;-72.4761;151.778;17;50;25;0;1;SOUTERRAIN;0;0;;0.9
579;46.0028;-72.4975;1965.16;17;117;39;0;1;SOUTERRAIN;0;0;;0.9
580;46.1235;-72.5770;79121.9;17;50;25;0;1;SOUTERRAIN;0;0;;0.9
581;45.9915;-72.4381;427.143;17;110.4;36.8;0;1;SOUTERRAIN;0;0;;0.9
582;45.9900;-72.4388;2389.68;17;114.54;38.18;0;1;SOUTERRAIN;0;0;;0.9
583;45.9889;-72.4454;1207.76;17;116.16;38.72;0;1;SOUTERRAIN;0;0;;0.9
584;45.9917;-72.4274;643.933;17;110;36.67;0;1;SOUTERRAIN;0;0;;0.9
585;45.9868;-72.3648;62620.6;17;114.29;38.1;0;1;SOUTERRAIN;0;0;;0.9
586;45.9889;-72.3613;1174.3;17;112;37.33;0;1;SOUTERRAIN;0;0;;0.9
587;45.9890;-72.3590;263.192;17;112.5;37.5;0;1;SOUTERRAIN;0;0;;0.9
588;46.0022;-72.3674;2682.82;17;112.78;37.59;0;1;SOUTERRAIN;0;0;;0.9
589;46.0812;-72.3294;1467.23;17;117.82;39.27;0;1;SOUTERRAIN;0;0;;0.9
590;46.0838;-72.3689;12831.4;17;120;40;0;1;SOUTERRAIN;0;0;;0.9
591;46.0895;-72.3681;26377.4;17;120;40;0;1;SURFACE;1;1;24131559-7;0.9
592;46.0627;-72.3873;411.127;17;76.7;25.57;0;1;SOUTERRAIN;0;0;;0.9
593;46.0912;-72.3654;7187.92;17;120;40;0;1;SURFACE;0;1;24131559-7;0.9
594;46.0862;-72.3736;22909.5;17;120;40;0;1;SOUTERRAIN;0;0;;0.9
595;46.1297;-72.6175;73824.5;17;50;25;0;1;SOUTERRAIN;0;0;;0.9
596;46.1356;-72.6233;180.071;17;50;25;0;1;SOUTERRAIN;0;0;;0.9
597;46.2235;-72.5667;18332.2;17;50;25;0;1;SOUTERRAIN;0;0;;0.9
598;46.2233;-72.5663;18532.2;17;50;25;0;1;SOUTERRAIN;0;0;;0.9
599;46.2229;-72.5659;20035.4;17;50;25;0;1;SOUTERRAIN;0;0;;0.9
600;46.2225;-72.5655;17217.5;17;50;25;0;1;SOUTERRAIN;0;0;;0.9
601;46.0622;-72.3895;2872.68;17;99.8;33.27;0;1;SOUTERRAIN;0;0;;0.9
602;46.0638;-72.3240;359.995;17;116.76;38.92;0;1;SOUTERRAIN;0;0;;0.9
603;46.0600;-72.3245;1483.34;17;118.46;39.49;0;1;SOUTERRAIN;0;0;;0.9
604;46.2215;-72.5878;47355.1;17;60;30;0;1;SOUTERRAIN;0;0;;0.9
605;46.2220;-72.5887;43422.2;17;60;30;0;1;SOUTERRAIN;0;0;;0.9
606;45.9977;-72.3649;5424.69;17;112.93;37.64;0;1;SOUTERRAIN;0;0;;0.9
607;46.0774;-72.2753;4509.79;17;118.88;39.63;0;1;SOUTERRAIN;0;0;;0.9
608;46.0854;-72.2669;1.98831;17;119.26;39.75;0;1;SOUTERRAIN;0;0;;0.9
609;46.0935;-72.2741;34.4496;17;120;40;0;1;SOUTERRAIN;0;0;;0.9
610;46.0857;-72.2717;321.008;17;118.91;39.64;0;1;SOUTERRAIN;0;0;;0.9
611;46.0894;-72.3451;350.792;17;116;38.67;0;1;SURFACE;0;1;X2076155-4;0.9
612;46.0762;-72.3394;7651.48;17;120;40;0;1;SOUTERRAIN;0;0;;0.9
613;46.0786;-72.3337;35133.2;17;99.43;33.14;0;1;SOUTERRAIN;0;0;;0.9
614;46.0767;-72.5408;31469.9;17;13.2;6.6;53.6;1;SOUTERRAIN;0;0;;0.9
615;46.0847;-72.5197;270.757;17;40;20;80;1;SOUTERRAIN;0;0;;0.9
616;46.0919;-72.4835;229.812;17;50;25;0;1;SOUTERRAIN;0;0;;0.9
617;46.0910;-72.4798;1009.16;17;50;25;0;1;SOUTERRAIN;0;0;;0.9
618;46.0961;-72.4739;1131.23;17;50;25;0;1;SOUTERRAIN;0;0;;0.9
619;46.0910;-72.4819;1213.12;17;50;25;0;1;SOUTERRAIN;0;0;;0.9
620;46.0806;-72.3747;519.404;17;120;40;0;1;SOUTERRAIN;0;0;;0.9
621;46.2141;-72.5797;6358.16;17;60;30;0;1;SOUTERRAIN;0;0;;0.9
622;46.2150;-72.5782;15346.1;17;60;30;0;1;SOUTERRAIN;0;0;;0.9
623;46.0805;-72.3361;1176.76;17;120;40;0;1;SOUTERRAIN;0;0;;0.9
624;45.7115;-71.8944;12982;5;28;11.6;0;1;SOUTERRAIN;0;0;;0.9
625;46.0815;-72.3660;1406.43;17;120;40;0;1;SOUTERRAIN;0;0;;0.9
626;46.0803;-72.3666;52.8473;17;120;40;0;1;SOUTERRAIN;0;0;;0.9
627;46.1064;-72.4766;49046.7;17;50;25;0;1;SOUTERRAIN;0;0;;0.9
628;46.1004;-72.4655;33233.5;17;50;25;0;1;SOUTERRAIN;0;0;;0.9
629;46.0997;-72.4662;30535.2;17;50;25;0;1;SOUTERRAIN;0;0;;0.9
630;46.1031;-72.4706;47469.8;17;50;25;0;1;SOUTERRAIN;0;0;;0.9
631;46.1025;-72.4713;47994.5;17;50;25;0;1;SOUTERRAIN;0;0;;0.9
632;46.1058;-72.4773;49797;17;50;25;0;1;SOUTERRAIN;0;0;;0.9
633;46.1070;-72.5171;22801;17;50;25;0;1;SOUTERRAIN;0;0;;0.9
634;46.1022;-72.5185;158987;17;50;25;0;1;SOUTERRAIN;0;0;;0.9
635;45.7186;-71.8854;42559.9;5;20;6;0;1;SOUTERRAIN;0;0;;0.9
636;45.7145;-71.8882;81354.7;5;20;6;0;1;SOUTERRAIN;0;0;;0.9
637;46.1349;-72.5772;80343.7;17;50;25;0;1;SOUTERRAIN;0;0;;0.9
638;46.1390;-72.5725;13748.9;17;50;25;0;1;SOUTERRAIN;0;0;;0.9
639;45.9943;-72.4360;2759.94;17;111.18;37.06;0;1;SOUTERRAIN;0;0;;0.9
640;45.9857;-72.3445;1308.57;17;118.07;39.36;0;1;SOUTERRAIN;0;1;15770910-2;0.9
641;45.9888;-72.3466;6167.92;17;116.9;38.97;0;1;SOUTERRAIN;0;1;15770910-2;0.9
642;45.9937;-72.4331;2549.69;17;110.53;36.84;0;1;SOUTERRAIN;0;0;;0.9
643;45.9998;-72.4294;1353.87;17;113.75;37.92;0;1;SOUTERRAIN;0;0;;0.9
644;45.9973;-72.4355;1919.54;17;117.14;39.05;0;1;SOUTERRAIN;0;0;;0.9
645;45.9926;-72.3677;78.7129;17;116.21;38.74;0;1;SOUTERRAIN;0;0;;0.9
646;45.9874;-72.3448;5003.03;17;116.84;38.95;0;1;SOUTERRAIN;0;1;15770910-2;0.9
647;45.9880;-72.3446;1426.99;17;116.84;38.95;0;1;SOUTERRAIN;0;1;15770910-2;0.9
648;45.9921;-72.4339;7219.45;17;114.44;38.15;0;1;SOUTERRAIN;0;0;;0.9
649;46.0747;-72.3762;3066.48;17;120;40;0;1;SOUTERRAIN;0;0;;0.9
650;46.0710;-72.3747;794.482;17;120;40;0;1;SOUTERRAIN;0;0;;0.9
651;46.1188;-72.6082;66733.6;17;60;30;0;1;SOUTERRAIN;0;0;;0.9
652;46.0552;-72.3312;1441.65;17;120;40;0;1;SOUTERRAIN;0;0;;0.9
653;45.9976;-72.3699;302.163;17;116.3;38.77;0;1;SOUTERRAIN;0;0;;0.9
654;45.9921;-72.3755;963.324;17;115.64;38.55;0;1;SOUTERRAIN;0;0;;0.9
655;45.9890;-72.3654;60.0277;17;116.74;38.91;0;1;SOUTERRAIN;0;0;;0.9
656;46.0846;-72.2848;240.458;17;112.66;37.55;0;1;SOUTERRAIN;0;0;;0.9
657;46.0781;-72.2743;54.0861;17;118.92;39.64;0;1;SOUTERRAIN;0;0;;0.9
658;46.0753;-72.2777;0.012136;17;118.81;39.6;0;1;SOUTERRAIN;0;0;;0.9
659;46.0750;-72.2962;57.1115;17;117.73;39.24;0;1;SOUTERRAIN;0;0;;0.9
660;46.0814;-72.2880;810.912;17;117.14;39.05;0;1;SOUTERRAIN;0;0;;0.9
661;46.0894;-72.2790;20.4732;17;116.12;38.71;0;1;SOUTERRAIN;0;0;;0.9
662;46.0755;-72.3289;109280;17;120;40;0;1;SOUTERRAIN;1;0;;0.9
663;46.0836;-72.5195;15538.8;17;40;20;80;1;SOUTERRAIN;0;0;;0.9
664;46.0853;-72.5282;12.5559;17;40;20;80;1;SOUTERRAIN;0;0;;0.9
665;46.1024;-72.5212;141532;17;50;25;0;1;SOUTERRAIN;0;0;;0.9
666;46.1035;-72.5230;139836;17;50;25;0;1;SOUTERRAIN;0;0;;0.9
667;46.1068;-72.5140;23133.1;17;50;25;0;1;SOUTERRAIN;1;0;;0.9
668;46.1085;-72.5170;28584.9;17;50;25;0;1;SOUTERRAIN;0;0;;0.9
669;46.1082;-72.5154;4155.63;17;50;25;0;1;SOUTERRAIN;0;0;;0.9
670;46.0510;-72.2963;178415;17;58.66;19.55;0;1;SOUTERRAIN;0;0;;0.9
671;46.0532;-72.2960;56681.5;17;98.95;32.98;0;1;SOUTERRAIN;0;0;;0.9
672;46.0555;-72.6379;370490;17;60;30;0;1;SOUTERRAIN;0;0;;0.9
673;46.0734;-72.5357;33625.1;17;40;20;80;1;SOUTERRAIN;0;0;;0.9
674;46.1334;-72.5621;21335.5;17;50;25;0;1;SOUTERRAIN;0;0;;0.9
675;46.1293;-72.5668;162744;17;50;25;0;1;SOUTERRAIN;0;0;;0.9
676;46.1992;-71.8058;13598.5;17;40;20;0;1;SOUTERRAIN;0;0;;0.9
677;46.0822;-72.2669;118.154;17;118.87;39.62;0;1;SOUTERRAIN;0;0;;0.9
678;46.0855;-72.2725;38.6651;17;118.88;39.63;0;1;SOUTERRAIN;0;0;;0.9
679;46.0716;-72.3832;385.375;17;76.55;25.52;0;1;SOUTERRAIN;0;0;;0.9
680;46.0811;-72.2668;173.013;17;118.8;39.6;0;1;SOUTERRAIN;0;0;;0.9
681;46.0863;-72.2773;249.872;17;117.34;39.11;0;1;SOUTERRAIN;0;0;;0.9
682;46.0795;-72.3281;1.3857;17;120;40;0;1;SOUTERRAIN;0;0;;0.9
683;46.0834;-72.3360;2434.55;17;117.23;39.08;0;1;SOUTERRAIN;0;0;;0.9
684;46.2280;-72.5764;110604;17;60;30;0;1;SOUTERRAIN;0;0;;0.9
685;46.0779;-72.5391;73.3799;17;20;10;40;1;SOUTERRAIN;0;0;;0.9
686;46.0627;-72.3938;1339.1;17;116.96;38.99;0;1;SOUTERRAIN;0;0;;0.9
687;46.0676;-72.2864;32433.4;17;112.5;37.5;0;1;SOUTERRAIN;0;0;;0.9
688;46.0725;-72.2936;58.6112;17;117.8;39.27;0;1;SOUTERRAIN;0;0;;0.9
689;46.0638;-72.3904;2399.69;17;116.36;38.79;0;1;SOUTERRAIN;0;0;;0.9
690;46.0745;-72.3260;4547.7;17;118;39.33;0;1;SOUTERRAIN;0;0;;0.9
691;46.1203;-72.6063;125223;17;60;30;0;1;SOUTERRAIN;0;0;;0.9
692;46.1377;-72.5785;67577.9;17;50;25;0;1;SOUTERRAIN;0;0;;0.9
693;46.1371;-72.5777;89678.9;17;50;25;0;1;SOUTERRAIN;0;0;;0.9
694;46.0692;-72.3861;365.508;17;120;40;0;1;SOUTERRAIN;0;0;;0.9
695;46.0676;-72.3843;1882.74;17;120;40;0;1;SOUTERRAIN;0;0;;0.9
696;46.0717;-72.3795;1443.22;17;120;40;0;1;SOUTERRAIN;0;0;;0.9
697;46.0879;-72.2662;17429.7;17;118.49;39.5;0;1;SOUTERRAIN;0;0;;0.9
698;46.1850;-72.5511;83007.2;17;60;30;0;1;SOUTERRAIN;0;0;;0.9
699;45.9918;-72.3671;60.5388;17;120;40;0;1;SOUTERRAIN;0;0;;0.9
700;45.9930;-72.3610;4345.98;17;120;40;0;1;SOUTERRAIN;0;0;;0.9
701;46.1339;-72.5761;156745;17;50;25;0;1;SOUTERRAIN;0;0;;0.9
702;46.0782;-72.3647;57.4408;17;120;40;0;1;SOUTERRAIN;0;0;;0.9
703;46.0793;-72.3508;1075;17;120;40;0;1;SOUTERRAIN;0;0;;0.9
704;46.0787;-72.3500;749.413;17;120;40;0;1;SOUTERRAIN;0;0;;0.9
705;46.0764;-72.3525;912.854;17;120;40;0;1;SOUTERRAIN;0;0;;0.9
706;45.9868;-72.3467;1731.36;17;120;40;0;1;SOUTERRAIN;0;1;15770910-2;0.9
707;46.0774;-72.3539;696.228;17;120;40;0;1;SOUTERRAIN;0;0;;0.9
708;46.1378;-72.5709;61451.2;17;50;25;0;1;SOUTERRAIN;0;0;;0.9
709;46.0985;-72.3566;3055.16;17;97.96;32.65;0;1;SURFACE;0;1;X2076155-4;0.9
710;45.9931;-72.3750;154.606;17;117.36;39.12;0;1;SOUTERRAIN;0;0;;0.9
711;46.1475;-72.6243;70962.2;17;60;30;0;1;SOUTERRAIN;0;0;;0.9
712;46.1297;-72.5331;765.067;17;50;25;0;1;SOUTERRAIN;0;0;;0.9
713;46.1354;-72.5625;22572;17;50;25;0;1;SOUTERRAIN;0;0;;0.9
714;46.1394;-72.5581;169531;17;50;25;0;1;SOUTERRAIN;0;0;;0.9
715;46.0589;-72.3175;71927.6;17;120;40;0;1;SOUTERRAIN;1;0;;0.9
716;46.0598;-72.3191;47907.5;17;120;40;0;1;SOUTERRAIN;0;0;;0.9
717;45.9716;-72.2910;14891.4;17;20;6;0;1;SOUTERRAIN;0;0;;0.9
718;45.9688;-72.2921;39254.8;17;20;6;0;1;SOUTERRAIN;0;0;;0.9
719;46.1230;-72.5407;516.742;17;50;25;0;1;SOUTERRAIN;0;0;;0.9
720;46.1258;-72.5370;2066.49;17;50;25;0;1;SOUTERRAIN;0;0;;0.9
721;46.0557;-72.3244;145925;17;120;40;0;1;SOUTERRAIN;0;0;;0.9
722;46.1345;-72.5145;107285;17;53.83;17.94;0;1;SOUTERRAIN;0;0;;0.9
723;46.0850;-72.3359;80.5819;17;120;40;0;1;SOUTERRAIN;0;0;;0.9
724;46.0547;-72.3185;162821;17;120;40;0;1;SOUTERRAIN;0;0;;0.9
725;46.0716;-72.0569;2620.75;17;91.26;0;0;1;SOUTERRAIN;0;0;;0.9
726;46.0539;-72.3230;203432;17;120;40;0;1;SOUTERRAIN;0;0;;0.9
727;46.0974;-72.3563;2561.61;17;45.96;15.32;0;1;SURFACE;0;1;X2076155-4;0.9
728;45.9692;-72.2925;37114.9;17;20;6;0;1;SOUTERRAIN;0;0;;0.9
729;46.1315;-72.5200;65564.4;17;114.54;38.18;0;1;SOUTERRAIN;0;0;;0.9
730;46.1322;-72.5229;131615;17;90.91;30.3;0;1;SOUTERRAIN;0;0;;0.9
731;45.9686;-72.2947;21614.4;17;20;6;0;1;SOUTERRAIN;0;0;;0.9
732;45.7015;-71.8549;52913;5;6;2;0;1;SOUTERRAIN;0;0;;0.9
733;46.1241;-72.5411;292.739;17;50;25;0;1;SOUTERRAIN;0;0;;0.9
734;46.1234;-72.5522;73448.7;17;50;25;0;1;SOUTERRAIN;0;0;;0.9
735;46.1327;-72.5607;9483.69;17;50;25;0;1;SOUTERRAIN;0;0;;0.9
736;45.9895;-72.3600;1323.65;17;120;40;0;1;SOUTERRAIN;0;0;;0.9
737;46.0461;-72.3019;28938.8;17;120;40;0;1;SOUTERRAIN;1;0;;0.9
738;46.0430;-72.3044;183892;17;120;40;0;1;SOUTERRAIN;1;0;;0.9
739;46.0468;-72.2993;7464.04;17;120;40;0;1;SOUTERRAIN;0;0;;0.9
740;46.0476;-72.3006;6688.45;17;120;40;0;1;SOUTERRAIN;0;0;;0.9
741;46.1424;-72.5022;61976.9;17;116.84;38.95;0;1;SOUTERRAIN;0;0;;0.9
742;46.1421;-72.5003;49870.4;17;116.84;38.95;0;1;SOUTERRAIN;0;0;;0.9
743;45.9958;-72.3531;175.687;17;120;40;0;1;SOUTERRAIN;0;0;;0.9
744;46.1216;-72.4621;36047.3;17;110;36.67;0;1;SOUTERRAIN;0;0;;0.9
745;46.1194;-72.4668;26148.8;17;101.54;33.85;0;1;SOUTERRAIN;0;0;;0.9
746;46.1190;-72.4657;32404.3;17;112.5;37.5;0;1;SOUTERRAIN;0;0;;0.9
747;46.1221;-72.4626;44789.6;17;112;37.33;0;1;SOUTERRAIN;0;0;;0.9
748;46.0804;-72.3314;111.873;17;120;40;0;1;SOUTERRAIN;0;0;;0.9
749;46.0720;-72.3211;4933.93;17;84.42;28.14;0;1;SOUTERRAIN;0;0;;0.9
750;46.0960;-72.3555;17.2839;17;120;40;0;1;SURFACE;0;1;X2076155-4;0.9
751;46.0902;-72.3455;149.828;17;120;40;0;1;SURFACE;0;1;X2076155-4;0.9
752;46.0625;-72.3239;489.441;17;120;40;0;1;SOUTERRAIN;0;0;;0.9
753;46.0610;-72.3251;509.393;17;120;40;0;1;SOUTERRAIN;0;0;;0.9
754;46.0575;-72.3274;89.1926;17;120;40;0;1;SOUTERRAIN;0;0;;0.9
755;46.0597;-72.3277;170.961;17;120;40;0;1;SOUTERRAIN;0;0;;0.9
756;46.0906;-72.2709;2886.76;17;118.33;39.44;0;1;SOUTERRAIN;0;0;;0.9
757;46.0737;-71.9244;60986.7;17;22.8;11.4;0;1;SOUTERRAIN;1;1;X2015552-1;0.9
758;46.0895;-71.9187;46726.3;17;40;20;0;1;SOUTERRAIN;1;0;;0.9
759;46.0433;-72.3946;7062.58;17;40;20;0;1;SOUTERRAIN;0;0;;0.9
760;45.9976;-72.3569;183.984;17;120;40;0;1;SOUTERRAIN;0;0;;0.9
761;46.0013;-72.3621;939.791;17;120;40;0;1;SOUTERRAIN;0;0;;0.9
762;45.9948;-72.3529;7824.71;17;120;40;0;1;SOUTERRAIN;0;0;;0.9
763;46.0018;-72.3680;994.148;17;40.45;13.48;0;1;SOUTERRAIN;0;0;;0.9
764;46.0024;-72.3624;62701.2;17;120;40;0;1;SOUTERRAIN;0;0;;0.9
765;46.0742;-72.3175;131239;17;120;40;0;1;SOUTERRAIN;0;0;;0.9
766;46.0803;-72.3512;943.439;17;120;40;0;1;SOUTERRAIN;0;0;;0.9
767;46.0795;-72.3502;746.69;17;120;40;0;1;SOUTERRAIN;0;0;;0.9
768;46.0762;-72.3559;63.0808;17;120;40;0;1;SOUTERRAIN;0;0;;0.9
769;46.0766;-72.3544;1084.12;17;120;40;0;1;SOUTERRAIN;0;0;;0.9
770;46.0446;-72.3103;186740;17;120;40;0;1;SOUTERRAIN;0;0;;0.9
771;46.0858;-72.3651;1270.34;17;120;40;0;1;SURFACE;0;1;24131559-7;0.9
772;46.0846;-72.3629;622.777;17;120;40;0;1;SURFACE;0;1;24131559-7;0.9
773;46.1105;-72.4199;34859.6;17;116.57;38.86;0;1;SOUTERRAIN;0;0;;0.9
774;46.0865;-72.4796;20852.4;17;110.77;36.92;0;1;SOUTERRAIN;0;0;;0.9
775;46.0882;-72.4807;10632.1;17;109.09;36.36;0;1;SOUTERRAIN;0;0;;0.9
776;46.0821;-72.3309;63610;17;118.15;39.38;0;1;SOUTERRAIN;0;0;;0.9
777;45.8754;-72.1862;113888;17;351;0;0;1;SURFACE;0;1;X2108769-2;0.9
778;45.8739;-72.1881;84865.5;17;351;0;0;1;SURFACE;0;1;X2108769-2;0.9
779;45.9944;-72.3598;764.248;17;120;40;0;1;SOUTERRAIN;0;0;;0.9
780;46.1313;-72.4938;106884;17;116.64;38.88;0;1;SOUTERRAIN;0;0;;0.9
781;46.0832;-72.3810;921.935;17;120;40;0;1;SOUTERRAIN;0;0;;0.9
782;46.0760;-72.3769;2214.35;17;120;40;0;1;SOUTERRAIN;0;0;;0.9
783;45.9597;-72.1895;19536.1;17;351;0;0;1;SURFACE;0;1;X2137461-2;0.9
784;45.9598;-72.1913;31557.6;17;351;0;0;1;SURFACE;0;1;X2137461-2;0.9
785;45.9598;-72.1929;34312.4;17;351;0;0;1;SURFACE;0;1;X2137461-2;0.9
786;46.1194;-72.6067;75735.9;17;50;25;0;1;SOUTERRAIN;0;0;;0.9
787;46.0857;-72.2758;130.327;17;117.4;39.13;0;1;SOUTERRAIN;0;0;;0.9
788;46.0707;-72.2906;1520.02;17;117.84;39.28;0;1;SOUTERRAIN;0;0;;0.9
789;46.0823;-72.2686;81.438;17;118.85;39.62;0;1;SOUTERRAIN;0;0;;0.9
790;45.9921;-72.4482;1770.86;17;116.66;38.89;0;1;SURFACE;0;1;90560947-6;0.9
791;46.0100;-72.5018;3503.63;17;117.4;39.13;0;1;SOUTERRAIN;0;0;;0.9
792;46.0088;-72.4939;2616.57;17;116.89;38.96;0;1;SOUTERRAIN;0;0;;0.9
793;46.0088;-72.4986;4465.64;17;116.29;38.76;0;1;SOUTERRAIN;0;0;;0.9
794;45.9897;-72.4275;97.4168;17;116.88;38.96;0;1;SOUTERRAIN;0;0;;0.9
795;45.9891;-72.3702;2561.25;17;116.74;38.91;0;1;SOUTERRAIN;0;0;;0.9
796;45.9895;-72.3645;245.282;17;116.74;38.91;0;1;SOUTERRAIN;0;0;;0.9
797;46.0814;-72.2880;1459.56;17;117.14;39.05;0;1;SOUTERRAIN;0;0;;0.9
798;46.0746;-72.2787;1.47263;17;118.81;39.6;0;1;SOUTERRAIN;0;0;;0.9
799;46.0714;-72.3265;10.8959;17;113.33;37.78;0;1;SOUTERRAIN;0;0;;0.9
800;46.0709;-72.3257;274.755;17;116;38.67;0;1;SOUTERRAIN;0;0;;0.9
801;46.0699;-72.3116;126416;17;116.21;38.74;0;1;SOUTERRAIN;0;0;;0.9
802;45.9908;-72.3612;635.961;17;120;40;0;1;SOUTERRAIN;0;0;;0.9
803;45.9427;-72.4110;173.454;17;40;20;40;1;SOUTERRAIN;0;0;;0.9
804;45.9436;-72.4072;12319.9;17;8;4;48;1;SOUTERRAIN;0;0;;0.9
805;45.9412;-72.4125;146.036;17;37;16.4;56;1;SOUTERRAIN;0;0;;0.9
806;45.8102;-72.0612;5.33871;5;15.6;7.8;0;1;SOUTERRAIN;0;0;;0.9
807;45.8102;-72.0612;5.33871;5;15.6;7.8;0;1;SOUTERRAIN;0;0;;0.9
808;46.1194;-72.6143;28669.4;17;60;30;0;1;SOUTERRAIN;0;0;;0.9
809;46.1126;-72.5438;38294.4;17;60;30;0;1;SOUTERRAIN;0;0;;0.9
810;46.0835;-72.5298;14842.8;17;40;20;80;1;SOUTERRAIN;0;0;;0.9
811;46.1315;-72.5435;540178;17;50;25;0;1;SOUTERRAIN;0;0;;0.9
812;46.0723;-72.3265;3.60602;17;120;40;0;1;SOUTERRAIN;0;0;;0.9
813;46.2216;-72.5803;35742.8;17;60;30;0;1;SOUTERRAIN;0;0;;0.9
814;45.9448;-72.4098;127.717;17;40;20;80;1;SOUTERRAIN;0;0;;0.9
815;46.0921;-72.4953;81507.9;17;50;25;0;1;SOUTERRAIN;0;0;;0.9
816;46.0889;-72.4993;124.03;17;50;25;0;1;SOUTERRAIN;0;0;;0.9
817;46.1199;-72.6133;25299;17;60;30;0;1;SOUTERRAIN;0;0;;0.9
818;46.0917;-72.4943;77801.9;17;50;25;0;1;SOUTERRAIN;0;0;;0.9
819;46.0775;-72.3672;3407.5;17;120;40;0;1;SOUTERRAIN;0;0;;0.9
820;46.0846;-72.3783;1964.81;17;120;40;0;1;SOUTERRAIN;0;0;;0.9
821;45.9623;-72.4318;8159.33;17;116.93;38.98;0;1;SOUTERRAIN;0;0;;0.9
822;46.0832;-72.3558;93713.8;17;120;40;0;1;SOUTERRAIN;0;0;;0.9
823;46.0788;-72.2760;704.605;17;118.92;39.64;0;1;SOUTERRAIN;0;0;;0.9
824;46.0163;-72.5103;2787.32;17;117.52;39.17;0;1;SOUTERRAIN;0;0;;0.9
825;45.9769;-72.4439;762.674;17;116.06;38.69;0;1;SOUTERRAIN;0;0;;0.9
826;46.0080;-72.5015;852.145;17;114;38;0;1;SOUTERRAIN;0;0;;0.9
827;46.0692;-72.3180;2244.53;17;117.28;39.09;0;1;SOUTERRAIN;0;0;;0.9
828;46.0076;-72.5043;1348.68;17;107.32;35.77;0;1;SOUTERRAIN;0;0;;0.9
829;45.9816;-72.3422;5592.25;17;115.74;38.58;0;1;SOUTERRAIN;0;1;15770910-2;0.9
830;46.0116;-72.5005;396.838;17;108.49;36.16;0;1;SOUTERRAIN;0;0;;0.9
831;45.9837;-72.3452;1315.22;17;113.57;37.86;0;1;SOUTERRAIN;0;1;15770910-2;0.9
832;46.0799;-72.3661;320.696;17;120;40;0;1;SOUTERRAIN;0;0;;0.9
833;46.0795;-72.3641;36432.7;17;120;40;0;1;SOUTERRAIN;0;0;;0.9
834;46.0875;-72.3773;2902.62;17;120;40;0;1;SOUTERRAIN;0;0;;0.9
835;46.0858;-72.3760;3730.25;17;120;40;0;1;SOUTERRAIN;0;0;;0.9
836;46.0684;-72.3798;74175.4;17;120;40;0;1;SOUTERRAIN;1;0;;0.9
837;46.0139;-72.4735;108928;17;117.8;39.27;0;1;SOUTERRAIN;0;0;;0.9
838;46.2257;-72.5801;90.335;17;60;30;0;1;SOUTERRAIN;0;0;;0.9
839;45.9740;-72.3549;3920.51;17;107.08;35.69;0;1;SOUTERRAIN;0;0;;0.9
840;46.1432;-72.5588;495977;17;50;25;0;1;SOUTERRAIN;0;0;;0.9
841;45.9869;-72.4262;406.875;17;117.4;39.13;0;1;SOUTERRAIN;0;0;;0.9
842;46.0751;-72.2960;43.29;17;117.73;39.24;0;1;SOUTERRAIN;0;0;;0.9
843;45.9923;-72.4423;2407.67;17;112.75;37.58;0;1;SOUTERRAIN;0;0;;0.9
844;45.9964;-72.4199;846.235;17;113.84;37.95;0;1;SOUTERRAIN;0;0;;0.9
845;46.0655;-72.0336;9.6385;17;30;6;40;1;SOUTERRAIN;0;0;;0.9
846;45.9881;-72.3625;52135.1;17;115.39;38.46;0;1;SOUTERRAIN;0;0;;0.9
847;45.9630;-72.4320;12855.6;17;116.93;38.98;0;1;SOUTERRAIN;0;0;;0.9
848;45.9423;-72.4099;92.255;17;35;14;40;1;SOUTERRAIN;0;0;;0.9
849;45.9945;-72.4294;4298.2;17;116.52;38.84;0;1;SOUTERRAIN;0;0;;0.9
850;45.9937;-72.4387;2014.89;17;115.44;38.48;0;1;SOUTERRAIN;0;0;;0.9
851;46.0188;-72.5108;1807.18;17;117.07;39.02;0;1;SOUTERRAIN;0;0;;0.9
852;46.0125;-72.4992;2677.43;17;117.5;39.17;0;1;SOUTERRAIN;0;0;;0.9
853;46.0807;-72.2870;91.0285;17;117.14;39.05;0;1;SOUTERRAIN;0;0;;0.9
854;45.9753;-72.3573;110.659;17;120;40;0;1;SOUTERRAIN;0;0;;0.9
855;46.0851;-72.3559;48851.4;17;120;40;0;1;SURFACE;0;1;24131559-7;0.9
856;46.1262;-72.5498;23.0658;17;50;25;0;1;SOUTERRAIN;0;0;;0.9
857;46.0984;-72.4759;27490.3;17;50;25;0;1;SOUTERRAIN;0;0;;0.9
858;46.0979;-72.4752;30700;17;50;25;0;1;SOUTERRAIN;0;0;;0.9
859;46.0942;-72.4795;55772.3;17;50;25;0;1;SOUTERRAIN;0;0;;0.9
860;46.0973;-72.4744;32781.2;17;50;25;0;1;SOUTERRAIN;0;0;;0.9
861;45.7209;-71.8920;97212.4;5;20;6;0;1;SOUTERRAIN;0;0;;0.9
862;45.7203;-71.8883;24031.2;5;40;20;0;1;SOUTERRAIN;0;0;;0.9
863;46.1230;-72.5749;208440;17;50;25;0;1;SOUTERRAIN;0;0;;0.9
864;45.9884;-72.3603;423.712;17;120;40;0;1;SOUTERRAIN;0;0;;0.9
865;45.9896;-72.3613;333.513;17;120;40;0;1;SOUTERRAIN;0;0;;0.9
866;45.9888;-72.3590;126.324;17;120;40;0;1;SOUTERRAIN;0;0;;0.9
867;45.9900;-72.3608;156.236;17;120;40;0;1;SOUTERRAIN;0;0;;0.9
868;46.0625;-72.3868;96887;17;120;40;0;1;SOUTERRAIN;0;0;;0.9
869;46.0918;-72.3647;157676;17;120;40;0;1;SURFACE;1;1;24131559-7;0.9
870;46.0879;-72.3620;1976.3;17;120;40;0;1;SURFACE;0;1;24131559-7;0.9
871;46.0634;-72.3881;98237.8;17;120;40;0;1;SOUTERRAIN;0;0;;0.9
872;46.2209;-72.5792;49172.2;17;60;30;0;1;SOUTERRAIN;0;0;;0.9
873;46.0132;-72.4720;70361;17;120;40;0;1;SOUTERRAIN;0;0;;0.9
874;46.0127;-72.4709;69224.6;17;120;40;0;1;SOUTERRAIN;0;0;;0.9
875;45.9993;-72.4424;8994.48;17;40;20;60;1;SURFACE;0;1;90560947-6;0.9
876;46.0578;-72.3278;45086.1;17;120;40;0;1;SOUTERRAIN;0;0;;0.9
877;46.0586;-72.3281;21.7638;17;120;40;0;1;SOUTERRAIN;0;0;;0.9
878;46.0584;-72.3295;52354;17;120;40;0;1;SOUTERRAIN;0;0;;0.9
879;46.0949;-72.3488;263.617;17;60.4;20.13;0;1;SURFACE;0;1;X2076155-4;0.9
880;45.9438;-72.4423;486.38;17;40;20;0;1;SOUTERRAIN;0;0;;0.9
881;46.0015;-72.3637;1528.09;17;120;40;0;1;SOUTERRAIN;0;0;;0.9
882;45.8163;-72.0596;937.856;5;40;20;0;1;SOUTERRAIN;0;0;;0.9
883;46.0805;-72.2799;103517;17;118.88;39.63;0;1;SOUTERRAIN;0;0;;0.9
884;46.0886;-72.2712;162538;17;119.26;39.75;0;1;SOUTERRAIN;0;0;;0.9
885;46.0925;-72.2755;26565.4;17;120;40;0;1;SOUTERRAIN;0;0;;0.9
886;46.0863;-72.2711;220168;17;118.92;39.64;0;1;SOUTERRAIN;0;0;;0.9
887;46.0952;-72.3575;6094.58;17;86.59;28.86;0;1;SURFACE;0;1;X2076155-4;0.9
888;46.0629;-72.3050;9124.96;17;87.28;29.09;0;1;SOUTERRAIN;0;0;;0.9
889;46.0756;-72.3394;67860.5;17;120;40;0;1;SOUTERRAIN;0;0;;0.9
890;46.0832;-72.5211;7.77299;17;40;20;80;1;SOUTERRAIN;0;0;;0.9
891;46.0865;-72.5257;19.7327;17;70;20;80;1;SOUTERRAIN;0;0;;0.9
892;46.0945;-72.4806;64724.2;17;50;25;0;1;SOUTERRAIN;0;0;;0.9
893;46.0926;-72.4785;58830.9;17;50;25;0;1;SOUTERRAIN;1;0;;0.9
894;46.0967;-72.4738;34045.9;17;50;25;0;1;SOUTERRAIN;0;0;;0.9
895;46.0934;-72.4790;57099.7;17;50;25;0;1;SOUTERRAIN;0;0;;0.9
896;46.0806;-72.3746;37759.3;17;120;40;0;1;SOUTERRAIN;0;0;;0.9
897;46.2212;-72.5799;55518.3;17;60;30;0;1;SOUTERRAIN;0;0;;0.9
898;46.0812;-72.3365;63065.6;17;120;40;0;1;SOUTERRAIN;0;0;;0.9
899;46.0802;-72.3666;302.582;17;120;40;0;1;SOUTERRAIN;0;0;;0.9
900;46.1376;-72.5733;30.0852;17;50;25;0;1;SOUTERRAIN;0;0;;0.9
901;45.9930;-72.3668;847.877;17;120;40;0;1;SOUTERRAIN;0;0;;0.9
902;45.9926;-72.3683;138.217;17;116.21;38.74;0;1;SOUTERRAIN;0;0;;0.9
903;46.0722;-72.3739;95106.5;17;120;40;0;1;SOUTERRAIN;0;0;;0.9
904;46.1121;-72.5380;279745;17;50;25;0;1;SOUTERRAIN;0;0;;0.9
905;46.0555;-72.3330;182495;17;120;40;0;1;SOUTERRAIN;0;0;;0.9
906;46.2268;-72.5729;27891.8;17;60;30;0;1;SOUTERRAIN;0;0;;0.9
907;45.9967;-72.3682;104.56;17;116.3;38.77;0;1;SOUTERRAIN;0;0;;0.9
908;45.9944;-72.3699;305.179;17;115.64;38.55;0;1;SOUTERRAIN;0;0;;0.9
909;46.0969;-72.3538;25.441;17;117.73;39.24;0;1;SURFACE;0;1;X2076155-4;0.9
910;45.9906;-72.3690;36.5546;17;120;40;0;1;SOUTERRAIN;0;0;;0.9
911;46.0847;-72.2851;48693.7;17;112.66;37.55;0;1;SOUTERRAIN;0;0;;0.9
912;46.0786;-72.2740;49.5658;17;118.92;39.64;0;1;SOUTERRAIN;0;0;;0.9
913;46.0785;-72.2826;855.91;17;118.82;39.61;0;1;SOUTERRAIN;0;0;;0.9
914;46.0747;-72.2970;5752.92;17;117.76;39.25;0;1;SOUTERRAIN;0;0;;0.9
915;46.0825;-72.2891;627.861;17;117.14;39.05;0;1;SOUTERRAIN;0;0;;0.9
916;46.0896;-72.2794;31157.1;17;116.26;38.75;0;1;SOUTERRAIN;1;0;;0.9
917;46.0769;-72.5318;2222.22;17;40;20;80;1;SOUTERRAIN;0;0;;0.9
918;46.0875;-72.2745;900.619;17;118.87;39.62;0;1;SOUTERRAIN;0;0;;0.9
919;46.0821;-72.2672;12437.9;17;118.88;39.63;0;1;SOUTERRAIN;0;0;;0.9
920;46.0867;-72.2739;28.5031;17;118.88;39.63;0;1;SOUTERRAIN;0;0;;0.9
921;46.0720;-72.3819;56724;17;120;40;0;1;SOUTERRAIN;1;0;;0.9
922;46.0715;-72.3814;541.7;17;120;40;0;1;SOUTERRAIN;0;0;;0.9
923;46.0706;-72.3839;130.239;17;120;40;0;1;SOUTERRAIN;0;0;;0.9
924;46.0702;-72.3832;30.6788;17;120;40;0;1;SOUTERRAIN;0;0;;0.9
925;46.0877;-72.2765;495.219;17;118.8;39.6;0;1;SOUTERRAIN;0;0;;0.9
926;46.0812;-72.2673;16736.2;17;118.85;39.62;0;1;SOUTERRAIN;0;0;;0.9
927;46.0860;-72.2767;836.334;17;117.4;39.13;0;1;SOUTERRAIN;0;0;;0.9
928;46.0868;-72.2772;95.8738;17;117.34;39.11;0;1;SOUTERRAIN;0;0;;0.9
929;46.0754;-72.3206;90179.9;17;120;40;0;1;SOUTERRAIN;0;0;;0.9
930;46.0650;-72.3910;77875.8;17;120;40;0;1;SOUTERRAIN;0;0;;0.9
931;46.0705;-72.2906;6318.58;17;117.84;39.28;0;1;SOUTERRAIN;0;0;;0.9
932;46.0704;-72.2905;708.707;17;117.8;39.27;0;1;SOUTERRAIN;0;0;;0.9
933;46.0666;-72.3880;179.151;17;120;40;0;1;SOUTERRAIN;0;0;;0.9
934;46.0643;-72.3896;96335;17;120;40;0;1;SOUTERRAIN;0;0;;0.9
935;46.0656;-72.3867;128.193;17;120;40;0;1;SOUTERRAIN;0;0;;0.9
936;46.0616;-72.3737;2253.98;17;120;40;0;1;SOUTERRAIN;0;0;;0.9
937;45.9996;-72.3597;186.643;17;120;40;0;1;SOUTERRAIN;0;0;;0.9
938;46.0690;-72.3859;49361.5;17;120;40;0;1;SOUTERRAIN;0;0;;0.9
939;46.0686;-72.3855;222.306;17;120;40;0;1;SOUTERRAIN;0;0;;0.9
940;46.0683;-72.3847;65520.2;17;120;40;0;1;SOUTERRAIN;0;0;;0.9
941;45.9857;-72.3378;869.109;17;120;40;0;1;SOUTERRAIN;0;1;15770910-2;0.9
942;46.2264;-72.5725;35448.2;17;60;30;0;1;SOUTERRAIN;0;0;;0.9
943;46.2197;-72.5912;13813.4;17;50;25;0;1;SOUTERRAIN;0;0;;0.9
944;46.0840;-72.5204;2388.15;17;40;20;80;1;SOUTERRAIN;0;0;;0.9
945;46.0712;-72.3808;46833;17;120;40;0;1;SOUTERRAIN;0;0;;0.9
946;46.0699;-72.3827;95.3755;17;120;40;0;1;SOUTERRAIN;0;0;;0.9
947;45.9852;-72.3507;1629.1;17;120;40;0;1;SOUTERRAIN;0;0;;0.9
948;45.9745;-72.3522;368.832;17;120;40;0;1;SOUTERRAIN;0;0;;0.9
949;45.9894;-72.4420;433.161;17;120;40;0;1;SOUTERRAIN;0;0;;0.9
950;45.9904;-72.4467;4910.21;17;120;40;0;1;SURFACE;0;1;90560947-6;0.9
951;46.2261;-72.5719;35179.4;17;60;30;0;1;SOUTERRAIN;0;0;;0.9
952;45.9908;-72.3651;5542.85;17;120;40;0;1;SOUTERRAIN;0;0;;0.9
953;45.9925;-72.3684;57.2563;17;120;40;0;1;SOUTERRAIN;0;0;;0.9
954;45.9925;-72.3615;62243.7;17;120;40;0;1;SOUTERRAIN;0;0;;0.9
955;45.9932;-72.3610;8858.92;17;120;40;0;1;SOUTERRAIN;0;0;;0.9
956;45.9945;-72.3610;43.7789;17;120;40;0;1;SOUTERRAIN;0;0;;0.9
957;45.9922;-72.4411;762.335;17;120;40;0;1;SOUTERRAIN;0;0;;0.9
958;45.9924;-72.4380;1.06577;17;120;40;0;1;SOUTERRAIN;0;0;;0.9
959;46.0980;-72.3547;21766.6;17;97.96;32.65;0;1;SURFACE;0;1;X2076155-4;0.9
960;45.9846;-72.3394;497.3;17;120;40;0;1;SOUTERRAIN;0;1;15770910-2;0.9
961;45.9889;-72.3438;1917.17;17;120;40;0;1;SOUTERRAIN;0;1;15770910-2;0.9
962;46.0945;-72.3530;80.0129;17;120;40;0;1;SURFACE;0;1;X2076155-4;0.9
963;45.9914;-72.3694;46.1867;17;120;40;0;1;SOUTERRAIN;0;0;;0.9
964;45.9942;-72.3702;3840.46;17;117.36;39.12;0;1;SOUTERRAIN;0;0;;0.9
965;45.9505;-72.4360;221392;17;2.6;1.3;0;1;SOUTERRAIN;1;0;;0.9
966;46.0855;-72.5259;221.361;17;70;14;80;1;SOUTERRAIN;0;0;;0.9
967;46.1303;-72.5332;42325.7;17;50;25;0;1;SOUTERRAIN;0;0;;0.9
968;46.1280;-72.5645;91902.1;17;50;25;0;1;SOUTERRAIN;0;0;;0.9
969;46.1234;-72.5411;17924.7;17;50;25;0;1;SOUTERRAIN;0;0;;0.9
970;46.1263;-72.5370;64228.7;17;50;25;0;1;SOUTERRAIN;0;0;;0.9
971;46.0004;-72.4228;193.896;17;120;40;0;1;SOUTERRAIN;0;0;;0.9
972;46.0732;-72.3304;3.07006;17;120;40;0;1;SOUTERRAIN;0;0;;0.9
973;46.0665;-72.3140;24.8872;17;120;40;0;1;SOUTERRAIN;0;0;;0.9
974;46.1336;-72.6251;70191;17;39.6;19.8;0;1;SOUTERRAIN;0;0;;0.9
975;46.0642;-72.0578;6.64046;17;346.61;0;0;1;SOUTERRAIN;0;0;;0.9
976;46.1009;-72.3547;1125.12;17;120;40;0;1;SURFACE;0;1;X2076155-4;0.9
977;46.0973;-72.3568;1.149;17;45.96;15.32;0;1;SURFACE;0;1;X2076155-4;0.9
978;46.0781;-72.3298;469.941;17;120;40;0;1;SOUTERRAIN;0;0;;0.9
979;46.0791;-72.3276;3.3112;17;120;40;0;1;SOUTERRAIN;0;0;;0.9
980;46.0780;-72.3332;472.136;17;120;40;0;1;SOUTERRAIN;0;0;;0.9
981;46.1269;-72.5378;70304;17;50;25;0;1;SOUTERRAIN;0;0;;0.9
982;46.1285;-72.5654;86833.3;17;50;25;0;1;SOUTERRAIN;0;0;;0.9
983;45.9973;-72.4349;62.5072;17;120;40;0;1;SOUTERRAIN;0;0;;0.9
984;45.9977;-72.4359;419.204;17;120;40;0;1;SOUTERRAIN;0;0;;0.9
985;45.9958;-72.3535;1.17271;17;120;40;0;1;SOUTERRAIN;0;0;;0.9
986;46.0066;-72.5123;25681.1;17;120;40;0;1;SOUTERRAIN;0;0;;0.9
987;46.0078;-72.5143;7971.82;17;120;40;0;1;SOUTERRAIN;0;0;;0.9
988;46.0085;-72.5120;54948.5;17;120;40;0;1;SOUTERRAIN;1;0;;0.9
989;46.0653;-72.0562;15771.5;17;351;0;0;1;SOUTERRAIN;0;0;;0.9
990;46.0670;-72.0588;29390.9;17;351;0;0;1;SOUTERRAIN;0;0;;0.9
991;46.0719;-72.0578;85.8894;17;351;0;0;1;SOUTERRAIN;0;0;;0.9
992;46.0709;-72.0578;87.8214;17;193.05;0;0;1;SOUTERRAIN;0;0;;0.9
993;45.8768;-72.1930;81071.2;17;351;0;0;1;SOUTERRAIN;0;0;;0.9
994;45.9950;-72.3545;155.296;17;120;40;0;1;SOUTERRAIN;0;0;;0.9
995;45.9903;-72.3699;483.454;17;120;40;0;1;SOUTERRAIN;0;0;;0.9
996;45.9906;-72.3705;18.4656;17;116.74;38.91;0;1;SOUTERRAIN;0;0;;0.9
997;45.9909;-72.3687;599.842;17;120;40;0;1;SOUTERRAIN;0;0;;0.9
998;45.9924;-72.3686;24.5698;17;116.74;38.91;0;1;SOUTERRAIN;0;0;;0.9
999;46.0819;-72.2880;25027.6;17;117.14;39.05;0;1;SOUTERRAIN;0;0;;0.9
1000;46.0777;-72.2823;100099;17;118.82;39.61;0;1;SOUTERRAIN;0;0;;0.9
1001;46.0797;-72.3285;287.243;17;120;40;0;1;SOUTERRAIN;0;0;;0.9
1002;45.9921;-72.3627;45317.3;17;120;40;0;1;SOUTERRAIN;0;0;;0.9
1003;46.0859;-72.5258;4794.31;17;70;20;80;1;SOUTERRAIN;0;0;;0.9
1004;46.0836;-72.5305;0.409589;17;40;20;80;1;SOUTERRAIN;0;0;;0.9
1005;46.0836;-72.5305;0.409589;17;40;20;80;1;SOUTERRAIN;0;0;;0.9
1006;46.0836;-72.5305;0.409589;17;40;20;80;1;SOUTERRAIN;0;0;;0.9
1007;46.0836;-72.5305;0.409589;17;40;20;80;1;SOUTERRAIN;0;0;;0.9
1008;46.0847;-72.5298;20137.1;17;40;20;80;1;SOUTERRAIN;0;0;;0.9
1009;46.0088;-72.4416;6054.72;17;70;20;80;1;SOUTERRAIN;0;1;90560947-8;0.9
1010;46.0788;-72.5374;26758;17;40;20;80;1;SOUTERRAIN;0;0;;0.9
1011;46.0776;-72.3674;89402.9;17;120;40;0;1;SOUTERRAIN;0;0;;0.9
1012;46.0904;-72.3726;233.649;17;120;40;0;1;SURFACE;0;1;24131559-7;0.9
1013;46.0831;-72.3793;2656.4;17;120;40;0;1;SOUTERRAIN;0;0;;0.9
1014;46.0844;-72.3794;2274.49;17;120;40;0;1;SOUTERRAIN;0;0;;0.9
1015;46.0903;-72.3706;2675.71;17;120;40;0;1;SURFACE;0;1;24131559-7;0.9
1016;46.0483;-72.3193;203625;17;120;40;0;1;SOUTERRAIN;0;0;;0.9
1017;46.0825;-72.2818;20.6974;17;118.88;39.63;0;1;SOUTERRAIN;0;0;;0.9
1018;46.0811;-72.2787;110753;17;118.92;39.64;0;1;SOUTERRAIN;0;0;;0.9
1019;45.9741;-72.4475;1052.98;17;114.54;38.18;0;1;SOUTERRAIN;0;0;;0.9
1020;45.9440;-72.4422;275.01;17;40;20;0;1;SOUTERRAIN;0;0;;0.9
1021;46.0809;-72.3648;64381.7;17;120;40;0;1;SOUTERRAIN;0;0;;0.9
1022;46.0892;-72.3751;52.0715;17;120;40;0;1;SOUTERRAIN;0;0;;0.9
1023;46.0873;-72.3773;67202.3;17;120;40;0;1;SOUTERRAIN;0;0;;0.9
1024;46.0873;-72.3763;1345.9;17;120;40;0;1;SOUTERRAIN;0;0;;0.9
1025;46.0888;-72.3745;1.71215;17;120;40;0;1;SOUTERRAIN;0;0;;0.9
1026;46.0866;-72.3760;67586.6;17;120;40;0;1;SOUTERRAIN;0;0;;0.9
1027;46.0886;-72.3742;13.0483;17;120;40;0;1;SOUTERRAIN;0;0;;0.9
1028;45.8171;-72.0603;115872;5;40;20;0;1;SOUTERRAIN;1;0;;0.9
1029;46.0747;-72.2971;100641;17;117.76;39.25;0;1;SOUTERRAIN;0;0;;0.9
1030;46.0802;-72.3292;314.827;17;120;40;0;1;SOUTERRAIN;0;0;;0.9
1031;46.0647;-72.0329;23785;17;30;6;77.62;1;SOUTERRAIN;0;0;;0.9
1032;46.0815;-72.2886;14083.8;17;117.14;39.05;0;1;SOUTERRAIN;0;0;;0.9
1033;45.9968;-72.3740;99100;17;117.65;39.22;0;1;SOUTERRAIN;0;0;;0.9
1034;45.7203;-71.8895;5247.82;5;40;20;0;1;SOUTERRAIN;0;0;;0.9
1035;45.7213;-71.8877;6916.86;5;40;20;0;1;SOUTERRAIN;0;0;;0.9
1036;45.9890;-72.3609;27969.8;17;120;40;0;1;SOUTERRAIN;0;0;;0.9
1037;45.9895;-72.3599;15850.2;17;120;40;0;1;SOUTERRAIN;0;0;;0.9
1038;46.0018;-72.3679;80778.3;17;112.78;37.59;0;1;SOUTERRAIN;0;0;;0.9
1039;46.0815;-72.3295;53822.2;17;120;40;0;1;SOUTERRAIN;0;0;;0.9
1040;46.0833;-72.3680;133136;17;120;40;0;1;SOUTERRAIN;0;0;;0.9
1041;46.0878;-72.3608;113448;17;120;40;0;1;SURFACE;0;1;24131559-7;0.9
1042;46.1347;-72.6244;73539.6;17;39.6;19.8;0;1;SOUTERRAIN;0;0;;0.9
1043;46.1355;-72.6239;38751.5;17;50;25;0;1;SOUTERRAIN;0;0;;0.9
1044;46.0617;-72.3256;73292.9;17;120;40;0;1;SOUTERRAIN;1;0;;0.9
1045;46.0916;-72.3497;502.392;17;60.4;20.13;0;1;SURFACE;0;1;X2076155-4;0.9
1046;46.0977;-72.3502;590.34;17;117.73;39.24;0;1;SURFACE;0;1;X2076155-4;0.9
1047;46.0631;-72.3229;24.2396;17;120;40;0;1;SOUTERRAIN;0;0;;0.9
1048;46.0609;-72.3243;76903;17;120;40;0;1;SOUTERRAIN;1;0;;0.9
1049;45.9965;-72.3645;611.806;17;120;40;0;1;SOUTERRAIN;0;0;;0.9
1050;46.0014;-72.3621;3197.92;17;120;40;0;1;SOUTERRAIN;0;0;;0.9
1051;46.0899;-72.3449;29427;17;120;40;0;1;SURFACE;0;1;X2076155-4;0.9
1052;46.0948;-72.3568;90739.7;17;120;40;0;1;SURFACE;0;1;X2076155-4;0.9
1053;46.0626;-72.3058;45952.4;17;120;40;0;1;SOUTERRAIN;0;0;;0.9
1054;46.0850;-72.5189;4197.32;17;40;20;80;1;SOUTERRAIN;0;0;;0.9
1055;46.0762;-72.5434;91.3364;17;70;20;80;1;SOUTERRAIN;0;0;;0.9
1056;46.0770;-72.5321;24652.1;17;40;20;80;1;SOUTERRAIN;0;0;;0.9
1057;46.0765;-72.5320;21062.4;17;40;20;80;1;SOUTERRAIN;0;0;;0.9
1058;46.0839;-72.5207;13189.9;17;40;20;80;1;SOUTERRAIN;0;0;;0.9
1059;46.0792;-72.5383;53.0787;17;54.6;20;62.4;1;SOUTERRAIN;0;0;;0.9
1060;46.0747;-72.5336;30.0155;17;40;20;40;1;SOUTERRAIN;0;0;;0.9
1061;46.0865;-72.5267;19844;17;70;20;80;1;SOUTERRAIN;1;0;;0.9
1062;46.0821;-72.3661;152032;17;120;40;0;1;SOUTERRAIN;0;0;;0.9
1063;45.9875;-72.3479;87232.3;17;120;40;0;1;SOUTERRAIN;0;1;15770910-2;0.9
1064;45.9925;-72.3682;146.105;17;120;40;0;1;SOUTERRAIN;0;0;;0.9
1065;45.9868;-72.3464;21318.7;17;120;40;0;1;SOUTERRAIN;0;1;15770910-2;0.9
1066;45.9900;-72.3358;2781.51;17;120;40;0;1;SOUTERRAIN;0;1;15770910-2;0.9
1067;46.0754;-72.3768;142645;17;120;40;0;1;SOUTERRAIN;0;0;;0.9
1068;46.2272;-72.5698;25.3266;17;60;30;0;1;SOUTERRAIN;0;0;;0.9
1069;46.0096;-72.4416;6163.08;17;70;20;80;1;SOUTERRAIN;0;1;90560947-8;0.9
1070;45.9978;-72.3704;17.3267;17;117.36;39.12;0;1;SOUTERRAIN;0;0;;0.9
1071;45.9919;-72.3729;1134.14;17;117.36;39.12;0;1;SOUTERRAIN;0;0;;0.9
1072;45.9907;-72.4414;622.533;17;120;40;0;1;SOUTERRAIN;0;0;;0.9
1073;45.9894;-72.4255;3599.59;17;120;40;0;1;SOUTERRAIN;0;0;;0.9
1074;45.9720;-72.3616;534.663;17;80.4;26.8;0;1;SOUTERRAIN;0;0;;0.9
1075;46.0861;-72.2732;92523.3;17;118.88;39.63;0;1;SOUTERRAIN;0;0;;0.9
1076;46.0053;-72.4972;128253;17;120;40;0;1;SOUTERRAIN;0;0;;0.9
1077;46.0858;-72.2742;83125.1;17;118.85;39.62;0;1;SOUTERRAIN;0;0;;0.9
1078;46.0866;-72.2772;44244.9;17;117.4;39.13;0;1;SOUTERRAIN;0;0;;0.9
1079;46.0771;-72.3299;97888.8;17;120;40;0;1;SOUTERRAIN;0;0;;0.9
1080;46.0790;-72.3274;0.774546;17;120;40;0;1;SOUTERRAIN;0;0;;0.9
1081;46.0838;-72.3357;127777;17;120;40;0;1;SOUTERRAIN;1;0;;0.9
1082;45.9776;-72.3554;12822.3;17;103.69;34.56;0;1;SOUTERRAIN;0;0;;0.9
1083;45.9504;-72.4358;91765.8;17;6;3;0;1;SOUTERRAIN;0;0;;0.9
1084;45.9933;-72.4323;0.00600617;17;120;40;0;1;SOUTERRAIN;0;0;;0.9
1085;46.0704;-72.2904;101568;17;117.84;39.28;0;1;SOUTERRAIN;0;0;;0.9
1086;45.9859;-72.3427;8066.76;17;120;40;0;1;SOUTERRAIN;0;1;15770910-2;0.9
1087;46.0636;-72.3725;324923;17;120;40;0;1;SOUTERRAIN;1;0;;0.9
1088;45.9727;-72.3586;37.4164;17;120;40;0;1;SOUTERRAIN;0;0;;0.9
1089;45.9744;-72.3581;432.857;17;120;40;0;1;SOUTERRAIN;0;0;;0.9
1090;45.9934;-72.4472;125.784;17;120;40;0;1;SURFACE;0;1;90560947-6;0.9
1091;45.9907;-72.4539;30.7145;17;120;40;0;1;SURFACE;0;1;90560947-6;0.9
1092;45.9998;-72.4288;2047.4;17;120;40;0;1;SOUTERRAIN;0;0;;0.9
1093;45.9702;-72.3593;1541.26;17;120;40;0;1;SOUTERRAIN;0;0;;0.9
1094;45.9983;-72.3642;2264.9;17;120;40;0;1;SOUTERRAIN;0;0;;0.9
1095;45.9962;-72.4343;967.891;17;120;40;0;1;SOUTERRAIN;0;0;;0.9
1096;45.9942;-72.4324;5.53773;17;120;40;0;1;SOUTERRAIN;0;0;;0.9
1097;45.9931;-72.4445;7.67579;17;120;40;0;1;SURFACE;0;1;90560947-6;0.9
1098;45.9808;-72.3598;8318.96;17;120;40;0;1;SOUTERRAIN;0;0;;0.9
1099;45.9743;-72.3576;245.036;17;120;40;0;1;SOUTERRAIN;0;0;;0.9
1100;46.0901;-72.2702;141139;17;118.49;39.5;0;1;SOUTERRAIN;0;0;;0.9
1101;45.9940;-72.3599;85003.8;17;120;40;0;1;SOUTERRAIN;1;0;;0.9
1102;46.0798;-72.3509;49396.3;17;120;40;0;1;SOUTERRAIN;0;0;;0.9
1103;46.0781;-72.3520;2.23798;17;120;40;0;1;SOUTERRAIN;0;0;;0.9
1104;46.0793;-72.3499;39235;17;120;40;0;1;SOUTERRAIN;0;0;;0.9
1105;46.0766;-72.3535;51300.3;17;120;40;0;1;SOUTERRAIN;0;0;;0.9
1106;46.0773;-72.3545;17401.6;17;120;40;0;1;SOUTERRAIN;0;0;;0.9
1107;46.0773;-72.3540;6.82354;17;120;40;0;1;SOUTERRAIN;0;0;;0.9
1108;46.0983;-72.3562;22946;17;97.96;32.65;0;1;SURFACE;0;1;X2076155-4;0.9
1109;46.1010;-72.3565;78674.7;17;120;40;0;1;SURFACE;1;1;X2076155-4;0.9
1110;46.0129;-72.5010;2100.56;17;67.2;22.4;0;1;SOUTERRAIN;0;0;;0.9
1111;46.0110;-72.4948;1457.25;17;120;40;0;1;SOUTERRAIN;0;0;;0.9
1112;46.0095;-72.4963;1022.04;17;120;40;0;1;SOUTERRAIN;0;0;;0.9
1113;46.0070;-72.4937;1712.2;17;82.84;27.61;0;1;SOUTERRAIN;0;0;;0.9
1114;45.9908;-72.4921;38329.6;17;120;40;0;1;SOUTERRAIN;0;0;;0.9
1115;46.0135;-72.4990;1708.1;17;120;40;0;1;SOUTERRAIN;0;0;;0.9
1116;45.9680;-72.4246;102845;17;120;40;0;1;SOUTERRAIN;0;0;;0.9
1117;46.0646;-72.0572;24471.6;17;350.12;0;0;1;SOUTERRAIN;0;0;;0.9
1118;46.0669;-72.0572;16335.3;17;349.25;0;0;1;SOUTERRAIN;0;0;;0.9
1119;45.9977;-72.4332;44739.7;17;120;40;0;1;SOUTERRAIN;0;0;;0.9
1120;45.9407;-72.4115;198.017;17;70;20;80;1;SOUTERRAIN;0;0;;0.9
1121;45.9952;-72.3540;32317.3;17;120;40;0;1;SOUTERRAIN;0;0;;0.9
1122;45.8783;-72.1912;108243;17;351;0;0;1;SURFACE;0;1;X2108769-2;0.9
1123;45.9893;-72.3702;298.843;17;120;40;0;1;SOUTERRAIN;0;0;;0.9
1124;45.9904;-72.3724;253.886;17;117.36;39.12;0;1;SOUTERRAIN;0;0;;0.9
1125;45.9921;-72.3687;528.674;17;120;40;0;1;SOUTERRAIN;0;0;;0.9
1126;46.0726;-72.3250;17678.3;17;113.33;37.78;0;1;SOUTERRAIN;0;0;;0.9
1127;46.0719;-72.3230;120212;17;116;38.67;0;1;SOUTERRAIN;0;0;;0.9
1128;46.0035;-72.4533;32619.8;17;116.36;38.79;0;1;SURFACE;0;1;90560947-6;0.9
1129;46.0677;-72.3155;158899;17;120;40;0;1;SOUTERRAIN;1;0;;0.9
1130;45.9953;-72.4465;5704.89;17;40;20;60;1;SURFACE;0;1;90560947-6;0.9
1131;46.0731;-72.3251;9847.17;17;120;40;0;1;SOUTERRAIN;0;0;;0.9
1132;46.0095;-72.4407;12312.5;17;70;20;80;1;SOUTERRAIN;0;1;90560947-8;0.9
1133;45.9856;-72.3384;2226.16;17;120;40;0;1;SOUTERRAIN;0;1;15770910-2;0.9
1134;45.9849;-72.3394;756.026;17;120;40;0;1;SOUTERRAIN;0;1;15770910-2;0.9
1135;45.9856;-72.3372;43285.9;17;120;40;0;1;SOUTERRAIN;0;1;15770910-2;0.9
1136;45.9845;-72.3391;1357.48;17;120;40;0;1;SOUTERRAIN;0;1;15770910-2;0.9
1137;46.0911;-72.3728;72735.6;17;120;40;0;1;SURFACE;0;1;24131559-7;0.9
1138;46.0893;-72.3739;499.827;17;120;40;0;1;SOUTERRAIN;0;0;;0.9
1139;46.0830;-72.3801;49695.1;17;120;40;0;1;SOUTERRAIN;0;0;;0.9
1140;46.0881;-72.3733;3.79552;17;120;40;0;1;SOUTERRAIN;0;0;;0.9
1141;46.0908;-72.3711;84642.2;17;120;40;0;1;SURFACE;1;1;24131559-7;0.9
1142;45.9752;-72.3556;13.0192;17;117.9;39.3;0;1;SOUTERRAIN;0;0;;0.9
1143;46.0702;-72.3195;218208;17;117.28;39.09;0;1;SOUTERRAIN;1;0;;0.9
1144;45.9814;-72.3529;0.155116;17;104.78;34.93;0;1;SOUTERRAIN;0;0;;0.9
1145;45.9838;-72.3527;91387.1;17;120;40;0;1;SOUTERRAIN;0;0;;0.9
1146;45.9961;-72.4636;133910;17;120;40;0;1;SURFACE;0;1;26477216-4;0.9
1147;46.0093;-72.4648;104676;17;92.57;30.86;0;1;SOUTERRAIN;0;1;X2181152-1;0.9
1148;46.0783;-72.3313;82006.6;17;120;40;0;1;SOUTERRAIN;0;0;;0.9
1149;45.9764;-72.3507;54381;17;120;40;0;1;SOUTERRAIN;0;0;;0.9
1150;45.9982;-72.4251;104211;17;120;40;0;1;SOUTERRAIN;0;0;;0.9
1151;45.9932;-72.4445;10576.4;17;120;40;0;1;SURFACE;0;1;90560947-6;0.9
1152;45.9916;-72.4385;24238.7;17;120;40;0;1;SOUTERRAIN;0;0;;0.9
1153;45.9893;-72.4400;108079;17;120;40;0;1;SOUTERRAIN;0;0;;0.9
1154;45.9893;-72.4457;154614;17;120;40;0;1;SOUTERRAIN;0;0;;0.9
1155;45.9915;-72.4252;5.13875;17;120;40;0;1;SOUTERRAIN;0;0;;0.9
1156;46.0121;-72.4699;77167.1;17;120;40;0;1;SOUTERRAIN;0;1;X2181152-1;0.9
1157;46.0115;-72.4689;78133;17;120;40;0;1;SOUTERRAIN;0;1;X2181152-1;0.9
1158;45.9969;-72.4477;25038.6;17;40;20;60;1;SURFACE;0;1;90560947-6;0.9
1159;46.0012;-72.3625;37517.1;17;120;40;0;1;SOUTERRAIN;0;0;;0.9
1160;45.9790;-72.3513;9711.27;17;106.4;35.47;0;1;SOUTERRAIN;0;0;;0.9
1161;46.0773;-72.5415;25595.3;17;70;20;80;1;SOUTERRAIN;0;0;;0.9
1162;46.0759;-72.5316;28296;17;40;20;80;1;SOUTERRAIN;0;0;;0.9
1163;46.0810;-72.5227;25.4546;17;40;20;60;1;SOUTERRAIN;0;0;;0.9
1164;45.9893;-72.4231;15637.2;17;120;40;0;1;SOUTERRAIN;0;0;;0.9
1165;45.9898;-72.3453;61229.2;17;120;40;0;1;SOUTERRAIN;0;1;15770910-2;0.9
1166;45.9979;-72.4350;39646.4;17;120;40;0;1;SOUTERRAIN;0;0;;0.9
1167;45.9915;-72.3646;93751.1;17;120;40;0;1;SOUTERRAIN;0;0;;0.9
1168;45.9925;-72.3683;55.1715;17;120;40;0;1;SOUTERRAIN;0;0;;0.9
1169;45.9890;-72.3438;15024.2;17;120;40;0;1;SOUTERRAIN;0;1;15770910-2;0.9
1170;45.9914;-72.3344;219792;17;120;40;0;1;SOUTERRAIN;0;1;15770910-2;0.9
1171;45.9961;-72.3678;64954.1;17;117.36;39.12;0;1;SOUTERRAIN;0;0;;0.9
1172;45.9913;-72.3696;274.556;17;120;40;0;1;SOUTERRAIN;0;0;;0.9
1173;45.9940;-72.3713;355398;17;117.36;39.12;0;1;SOUTERRAIN;0;0;;0.9
1174;46.0969;-72.3534;89221.6;17;120;40;0;1;SURFACE;1;1;X2076155-4;0.9
1175;45.9898;-72.3681;1679.57;17;120;40;0;1;SOUTERRAIN;0;0;;0.9
1176;45.9438;-72.4086;0.0608954;17;30;8;0;1;SOUTERRAIN;0;0;;0.9
1177;45.9409;-72.4131;0.079726;17;40;20;80;1;SOUTERRAIN;0;0;;0.9
1178;46.0101;-72.5043;214.003;17;120;40;0;1;SOUTERRAIN;0;0;;0.9
1179;46.0222;-72.5126;1584.23;17;120;40;0;1;SOUTERRAIN;0;0;;0.9
1180;46.0107;-72.5062;607.711;17;120;40;0;1;SOUTERRAIN;0;0;;0.9
1181;45.9604;-72.4342;5032.79;17;120;40;0;1;SOUTERRAIN;0;0;;0.9
1182;46.0816;-72.2130;58363.1;17;843.5;42.18;0;1;SOUTERRAIN;0;0;;0.9
1183;45.9603;-72.4315;3287.13;17;120;40;0;1;SOUTERRAIN;0;0;;0.9
1184;46.0179;-72.5097;1372.14;17;120;40;0;1;SOUTERRAIN;0;0;;0.9
1185;45.9743;-72.4504;226.824;17;120;40;0;1;SOUTERRAIN;0;0;;0.9
1186;45.9779;-72.4456;4798.36;17;120;40;0;1;SOUTERRAIN;0;0;;0.9
1187;46.0192;-72.5068;24598.8;17;120;40;0;1;SOUTERRAIN;0;0;;0.9
1188;46.0137;-72.5049;2193.98;17;120;40;0;1;SOUTERRAIN;0;0;;0.9
1189;46.0065;-72.5018;444.342;17;120;40;0;1;SOUTERRAIN;0;0;;0.9
1190;46.0742;-72.3265;175945;17;120;40;0;1;SOUTERRAIN;1;0;;0.9
1191;45.9623;-72.4280;1585.24;17;46.45;15.48;0;1;SOUTERRAIN;0;0;;0.9
1192;45.9951;-72.4530;176.815;17;120;40;0;1;SURFACE;0;1;90560947-6;0.9
1193;45.9932;-72.4590;627.06;17;120;40;0;1;SURFACE;0;1;90560947-6;0.9
1194;45.9416;-72.4109;46.1111;17;70;20;80;1;SOUTERRAIN;0;0;;0.9
1195;45.9970;-72.4209;456.014;17;120;40;0;1;SOUTERRAIN;0;0;;0.9
1196;45.9950;-72.4539;315.239;17;120;40;0;1;SURFACE;0;1;90560947-6;0.9
1197;45.9916;-72.4222;25360.7;17;60;20;0;1;SOUTERRAIN;0;0;;0.9
1198;45.9406;-72.4112;80.2291;17;70;20;80;1;SOUTERRAIN;0;0;;0.9
1199;45.9413;-72.4094;0.159177;17;70;20;80;1;SOUTERRAIN;0;0;;0.9
1200;46.0059;-72.4940;153471;17;85.61;28.54;0;1;SOUTERRAIN;0;0;;0.9
1201;45.9770;-72.4478;5255.35;17;120;40;0;1;SOUTERRAIN;0;0;;0.9
1202;45.8712;-72.3899;11176.1;17;351;0;0;1;SOUTERRAIN;0;0;;0.9
1203;45.8709;-72.3904;10003.7;17;351;0;0;1;SOUTERRAIN;0;0;;0.9
1204;45.8708;-72.3913;5306.29;17;351;0;0;1;SOUTERRAIN;0;0;;0.9
1205;45.8785;-72.1743;88165.2;17;351;0;0;1;SURFACE;0;1;X2108769-3;0.9
1206;45.8770;-72.1765;71281.1;17;351;0;0;1;SURFACE;0;1;X2108769-2;0.9
1207;45.8824;-72.1775;81799.1;17;351;0;0;1;SURFACE;0;1;X2108769-2;0.9
1208;45.9633;-72.1896;41177.8;17;351;0;0;1;SURFACE;0;1;X2137461-2;0.9
1209;45.9610;-72.1861;35691;17;351;0;0;1;SURFACE;0;1;X2137461-2;0.9
1210;45.8835;-72.1848;107615;17;351;0;0;1;SOUTERRAIN;0;0;;0.9
1211;45.8849;-72.1832;65970.9;17;351;0;0;1;SOUTERRAIN;0;0;;0.9
1212;45.8772;-72.1840;114488;17;351;0;0;1;SURFACE;0;1;X2108769-2;0.9
1213;45.8802;-72.1889;108240;17;351;0;0;1;SURFACE;0;1;X2108769-2;0.9
1214;45.8810;-72.1793;110668;17;351;0;0;1;SURFACE;0;1;X2108769-2;0.9
1215;46.0628;-72.0589;25044.6;17;284.31;0;0;1;SOUTERRAIN;0;0;;0.9
1216;45.9627;-72.1883;39410.5;17;347.49;0;0;1;SURFACE;0;1;X2137461-2;0.9
1217;45.9618;-72.1871;39813.5;17;347.49;0;0;1;SURFACE;0;1;X2137461-2;0.9
1218;45.9600;-72.1838;30670.8;17;343.98;0;0;1;SURFACE;0;1;X2137461-2;0.9
1219;45.9582;-72.1822;61705.1;17;343.98;0;0;1;SURFACE;0;1;X2137461-2;0.9
1220;45.9574;-72.1863;12191.4;17;343.98;0;0;1;SURFACE;0;1;X2137461-2;0.9
1221;45.9585;-72.1881;46602;17;340.47;0;0;1;SURFACE;0;1;X2137461-2;0.9
1222;46.0721;-72.0573;9491.43;17;351;0;0;1;SOUTERRAIN;0;0;;0.9
1223;46.0707;-72.0574;10566.2;17;193.05;0;0;1;SOUTERRAIN;0;0;;0.9
1224;46.0649;-72.0589;30390.8;17;345.74;0;0;1;SOUTERRAIN;0;0;;0.9
1225;46.0144;-72.4836;66998.4;17;105.67;35.22;0;1;SOUTERRAIN;0;0;;0.9
1226;46.0139;-72.4845;71963.2;17;120;40;0;1;SOUTERRAIN;0;0;;0.9
1227;46.0033;-72.4397;40273.2;17;40;20;60;1;SURFACE;0;1;90560947-7;0.9
1228;45.8707;-72.3920;848.868;17;351;0;0;1;SOUTERRAIN;0;0;;0.9
1229;45.8792;-72.1814;109288;17;351;0;0;1;SURFACE;0;1;X2108769-2;0.9
1230;45.9605;-72.1848;40770.2;17;351;0;0;1;SURFACE;0;1;X2137461-2;0.9
1231;45.8818;-72.1869;106548;17;351;0;0;1;SURFACE;0;1;X2108769-2;0.9
1232;45.9929;-72.4494;104469;17;120;40;0;1;SURFACE;0;1;90560947-6;0.9
1233;45.9914;-72.4477;142320;17;120;40;0;1;SURFACE;0;1;90560947-6;0.9
1234;45.9892;-72.4537;101981;17;120;40;0;1;SOUTERRAIN;0;0;;0.9
1235;45.9714;-72.3624;39444;17;84;28;0;1;SOUTERRAIN;0;0;;0.9
1236;45.9893;-72.3689;55924;17;120;40;0;1;SOUTERRAIN;1;0;;0.9
1237;45.9901;-72.3711;19.1758;17;120;40;0;1;SOUTERRAIN;0;0;;0.9
1238;45.9909;-72.3717;29745;17;117.36;39.12;0;1;SOUTERRAIN;0;0;;0.9
1239;45.9904;-72.3669;91245.5;17;120;40;0;1;SOUTERRAIN;0;0;;0.9
1240;45.9923;-72.3687;562.535;17;120;40;0;1;SOUTERRAIN;0;0;;0.9
1241;45.9782;-72.3536;107637;17;117.77;39.26;0;1;SOUTERRAIN;0;0;;0.9
1242;46.0145;-72.4748;35484.1;17;120;40;0;1;SOUTERRAIN;0;0;;0.9
1243;45.9982;-72.4433;3084.54;17;40;20;60;1;SURFACE;0;1;90560947-6;0.9
1244;46.0797;-72.5377;30558;17;54.6;20;80;1;SOUTERRAIN;0;0;;0.9
1245;46.0182;-72.4800;184310;17;117.4;39.13;0;1;SOUTERRAIN;0;0;;0.9
1246;45.9861;-72.3381;7694.45;17;120;40;0;1;SOUTERRAIN;0;1;15770910-2;0.9
1247;45.9810;-72.3596;53914.3;17;120;40;0;1;SOUTERRAIN;0;0;;0.9
1248;45.9951;-72.4413;129757;17;117.23;39.08;0;1;SURFACE;0;1;90560947-6;0.9
1249;45.9806;-72.3471;190550;17;106.4;35.47;0;1;SOUTERRAIN;0;0;;0.9
1250;45.9773;-72.3525;57318.7;17;117.9;39.3;0;1;SOUTERRAIN;0;0;;0.9
1251;45.9724;-72.3583;9125.19;17;120;40;0;1;SOUTERRAIN;0;0;;0.9
1252;45.9698;-72.3598;37991.7;17;120;40;0;1;SOUTERRAIN;0;0;;0.9
1253;45.9849;-72.3417;41972.4;17;120;40;0;1;SOUTERRAIN;0;1;15770910-2;0.9
1254;45.9825;-72.3506;70832.2;17;106.4;35.47;0;1;SOUTERRAIN;0;0;;0.9
1255;45.9829;-72.3414;135645;17;120;40;0;1;SOUTERRAIN;0;1;15770910-2;0.9
1256;45.9689;-72.3595;34443.6;17;120;40;0;1;SOUTERRAIN;1;0;;0.9
1257;45.9866;-72.3386;18057.3;17;120;40;0;1;SOUTERRAIN;0;1;15770910-2;0.9
1258;45.9768;-72.3517;58494.7;17;107.08;35.69;0;1;SOUTERRAIN;0;0;;0.9
1259;45.9706;-72.3604;33066.9;17;120;40;0;1;SOUTERRAIN;0;0;;0.9
1260;45.9818;-72.3603;101938;17;120;40;0;1;SOUTERRAIN;0;0;;0.9
1261;45.9806;-72.3589;52572.7;17;120;40;0;1;SOUTERRAIN;0;0;;0.9
1262;45.9916;-72.4423;35511.4;17;120;40;0;1;SOUTERRAIN;0;0;;0.9
1263;46.0629;-72.0348;8366.33;17;351;1.7;7.43;1;SOUTERRAIN;0;0;;0.9
1264;46.0626;-72.0340;6377.56;17;351;1.7;7.43;1;SOUTERRAIN;0;0;;0.9
1265;45.9735;-72.3584;21744.9;17;120;40;0;1;SOUTERRAIN;0;0;;0.9
1266;45.9702;-72.3575;46.4148;17;120;40;0;1;SOUTERRAIN;0;0;;0.9
1267;45.9934;-72.4395;77499.2;17;120;40;0;1;SOUTERRAIN;0;0;;0.9
1268;45.9743;-72.3590;28909.2;17;120;40;0;1;SOUTERRAIN;0;0;;0.9
1269;45.9801;-72.5004;70893.2;17;120;40;0;1;SOUTERRAIN;0;0;;0.9
1270;46.0187;-72.4910;55511.3;17;117.82;39.27;0;1;SOUTERRAIN;0;0;;0.9
1271;46.0119;-72.4772;18153.6;17;120;40;0;1;SOUTERRAIN;0;0;;0.9
1272;45.9866;-72.4440;167192;17;120;40;0;1;SOUTERRAIN;0;0;;0.9
1273;45.9919;-72.4269;11308;17;120;40;0;1;SOUTERRAIN;0;0;;0.9
1274;45.9916;-72.4233;47335;17;82.5;27.5;0;1;SOUTERRAIN;0;0;;0.9
1275;45.9925;-72.4251;14981;17;104;34.67;0;1;SOUTERRAIN;0;0;;0.9
1276;45.9930;-72.4261;16555.7;17;105.89;35.3;0;1;SOUTERRAIN;0;0;;0.9
1277;46.0955;-72.3504;174865;17;120;40;0;1;SURFACE;1;1;X2076155-4;0.9
1278;45.9982;-72.3637;512110;17;120;40;0;1;SOUTERRAIN;0;0;;0.9
1279;46.0194;-72.4904;56059.9;17;120;40;0;1;SOUTERRAIN;1;0;;0.9
1280;46.0089;-72.4576;176.004;17;120;40;0;1;SOUTERRAIN;0;1;X2181152-1;0.9
1281;46.0077;-72.4716;35812.2;17;120;40;0;1;SOUTERRAIN;0;1;X2181152-1;0.9
1282;46.0170;-72.5069;30433;17;120;40;0;1;SOUTERRAIN;0;0;;0.9
1283;46.0184;-72.5066;18839.3;17;120;40;0;1;SOUTERRAIN;0;0;;0.9
1284;45.9952;-72.4351;65205.9;17;120;40;0;1;SOUTERRAIN;0;0;;0.9
1285;45.9863;-72.3438;60451.9;17;120;40;0;1;SOUTERRAIN;0;1;15770910-2;0.9
1286;45.9945;-72.4326;35571.3;17;120;40;0;1;SOUTERRAIN;0;0;;0.9
1287;46.0006;-72.4293;94654.6;17;120;40;0;1;SOUTERRAIN;0;0;;0.9
1288;45.9869;-72.3447;71150.1;17;120;40;0;1;SOUTERRAIN;0;1;15770910-2;0.9
1289;45.9896;-72.3424;12.1562;17;120;40;0;1;SOUTERRAIN;0;1;15770910-2;0.9
1290;45.9920;-72.4333;101276;17;120;40;0;1;SOUTERRAIN;0;0;;0.9
1291;46.0218;-72.5130;6268.5;17;120;40;0;1;SOUTERRAIN;0;0;;0.9
1292;46.0195;-72.5101;26321.3;17;120;40;0;1;SOUTERRAIN;0;0;;0.9
1293;46.0066;-72.4621;47518.2;17;117.44;39.15;0;1;SOUTERRAIN;0;1;X2181152-1;0.9
1294;46.0226;-72.5118;28156.9;17;120;40;0;1;SOUTERRAIN;0;0;;0.9
1295;46.0206;-72.5093;95378.6;17;120;40;0;1;SOUTERRAIN;0;0;;0.9
1296;45.9430;-72.4103;0.0239851;17;120;20;80;1;SOUTERRAIN;0;0;;0.9
1297;45.9434;-72.4091;22.5717;17;70;20;80;1;SOUTERRAIN;0;0;;0.9
1298;45.9426;-72.4088;13.5239;17;70;20;80;1;SOUTERRAIN;0;0;;0.9
1299;45.9420;-72.4126;159.327;17;30;8;0;1;SOUTERRAIN;0;0;;0.9
1300;45.9942;-72.4549;29515.8;17;120;40;0;1;SURFACE;0;1;90560947-6;0.9
1301;45.9925;-72.4590;121808;17;120;40;0;1;SURFACE;0;1;90560947-6;0.9
1302;45.9949;-72.4238;32243.4;17;116.26;38.75;0;1;SOUTERRAIN;0;0;;0.9
1303;45.9956;-72.4582;80133.2;17;120;40;0;1;SURFACE;0;1;90560947-6;0.9
1304;46.0063;-72.4499;91546.6;17;94.94;31.65;0;1;SURFACE;0;1;90560947-7;0.9
1305;46.0101;-72.4945;113200;17;120;40;0;1;SOUTERRAIN;0;0;;0.9
1306;46.0090;-72.4975;92937;17;120;40;0;1;SOUTERRAIN;0;0;;0.9
1307;45.9890;-72.4987;40379.2;17;120;40;0;1;SOUTERRAIN;0;0;;0.9
1308;45.9900;-72.4254;76525.1;17;120;40;0;1;SOUTERRAIN;0;0;;0.9
1309;46.0818;-72.5233;28976.5;17;40;20;60;1;SOUTERRAIN;0;0;;0.9
1310;45.9939;-72.4220;25079.3;17;115.2;38.4;0;1;SOUTERRAIN;0;0;;0.9
1311;45.9408;-72.4116;6267.4;17;70;20;80;1;SOUTERRAIN;0;0;;0.9
1312;45.9444;-72.4093;4572.56;17;70;20;80;1;SOUTERRAIN;0;0;;0.9
1313;45.9983;-72.4415;5553.84;17;40;20;60;1;SURFACE;0;1;90560947-6;0.9
1314;46.0090;-72.4398;8900.7;17;70;20;80;1;SOUTERRAIN;1;1;90560947-8;0.9
1315;45.9601;-72.4344;24332.7;17;120;40;0;1;SOUTERRAIN;0;0;;0.9
1316;45.9605;-72.4325;1055.99;17;120;40;0;1;SOUTERRAIN;0;0;;0.9
1317;45.9598;-72.4328;20512;17;120;40;0;1;SOUTERRAIN;0;0;;0.9
1318;45.9595;-72.4322;17408.7;17;120;40;0;1;SOUTERRAIN;0;0;;0.9
1319;45.9940;-72.4518;173050;17;120;40;0;1;SURFACE;0;1;90560947-6;0.9
1320;46.0095;-72.4577;17235.4;17;120;40;0;1;SOUTERRAIN;0;1;X2181152-1;0.9
1321;46.0021;-72.4643;40725.1;17;120;40;0;1;SOUTERRAIN;0;1;X2181152-1;0.9
1322;46.0137;-72.4803;63686.1;17;120;40;0;1;SOUTERRAIN;0;0;;0.9
1323;45.9858;-72.3401;212.073;17;120;40;0;1;SOUTERRAIN;0;1;15770910-2;0.9
1324;46.0125;-72.5012;72620.3;17;108.49;36.16;0;1;SOUTERRAIN;0;0;;0.9
1325;45.9856;-72.3426;110875;17;120;40;0;1;SOUTERRAIN;0;1;15770910-2;0.9
1326;45.9944;-72.4230;29537.9;17;115.86;38.62;0;1;SOUTERRAIN;0;0;;0.9
1327;45.9869;-72.4260;45276.2;17;120;40;0;1;SOUTERRAIN;0;0;;0.9
1328;46.0158;-72.4770;186768;17;120;40;0;1;SOUTERRAIN;1;0;;0.9
1329;46.0081;-72.4568;58804.7;17;120;40;0;1;SOUTERRAIN;0;1;X2181152-1;0.9
1330;45.9838;-72.4891;59867.4;17;120;40;0;1;SOUTERRAIN;0;0;;0.9
1331;45.9967;-72.4526;70048;17;120;40;0;1;SURFACE;0;1;90560947-6;0.9
1332;46.0028;-72.4702;80853.2;17;120;40;0;1;SOUTERRAIN;0;1;X2181152-1;0.9
1333;45.9744;-72.4523;69325.3;17;120;40;0;1;SOUTERRAIN;0;0;;0.9
1334;45.9608;-72.4292;91868;17;46.45;15.48;0;1;SOUTERRAIN;0;0;;0.9
1335;46.0006;-72.4513;62883;17;120;40;0;1;SURFACE;0;1;90560947-6;0.9
1336;46.0626;-72.0353;12358.7;17;351;1.7;77.62;1;SOUTERRAIN;0;0;;0.9
1337;46.0614;-72.0338;39396.3;17;351;1.7;77.62;1;SOUTERRAIN;1;0;;0.9
1338;46.0604;-72.0351;25556.6;17;351;1.7;77.62;1;SOUTERRAIN;0;0;;0.9
1339;45.9604;-72.4350;25596.1;17;120;40;0;1;SOUTERRAIN;1;0;;0.9
1340;45.9602;-72.4334;17809.8;17;120;40;0;1;SOUTERRAIN;0;0;;0.9
1341;45.9947;-72.4292;65054.2;17;120;40;0;1;SOUTERRAIN;0;0;;0.9
1342;46.0058;-72.4610;62231.9;17;120;40;0;1;SOUTERRAIN;0;1;X2181152-1;0.9
1343;46.0139;-72.4999;141499;17;120;40;0;1;SOUTERRAIN;0;0;;0.9
1344;45.9894;-72.4996;43621;17;120;40;0;1;SOUTERRAIN;0;0;;0.9
1345;45.9819;-72.4932;248466;17;120;40;0;1;SOUTERRAIN;0;0;;0.9
1346;45.9882;-72.4974;87916.6;17;120;40;0;1;SOUTERRAIN;0;0;;0.9
1347;46.0042;-72.4988;117976;17;120;40;0;1;SOUTERRAIN;0;0;;0.9
1348;46.0010;-72.4684;74434.7;17;120;40;0;1;SURFACE;0;1;26477216-4;0.9
1349;46.2184;-72.5933;538.931;17;40;20;0;1;SOUTERRAIN;0;0;;0.9
1350;46.0022;-72.4690;84494.4;17;120;40;0;1;SOUTERRAIN;0;1;X2181152-1;0.9
1351;45.9819;-72.5020;175737;17;120;40;0;1;SOUTERRAIN;1;0;;0.9
1352;46.0030;-72.4575;34454.1;17;120;40;0;1;SOUTERRAIN;0;1;X2181152-1;0.9
1353;46.0075;-72.4624;62798.6;17;87.62;29.21;0;1;SOUTERRAIN;0;1;X2181152-1;0.9
1354;46.0075;-72.4651;46096;17;120;40;0;1;SOUTERRAIN;0;1;X2181152-1;0.9
1355;45.9860;-72.4904;75001.5;17;120;40;0;1;SOUTERRAIN;0;0;;0.9
1356;46.0104;-72.4790;47533.8;17;120;40;0;1;SOUTERRAIN;0;0;;0.9
1357;46.0040;-72.4474;40888.8;17;120;40;0;1;SURFACE;0;1;90560947-7;0.9
1358;45.9431;-72.4100;0.633975;17;70;20;80;1;SOUTERRAIN;0;0;;0.9
1359;45.9469;-72.4414;777.814;17;40;20;0;1;SOUTERRAIN;0;0;;0.9
1360;46.0073;-72.4748;109037;17;120;40;0;1;SOUTERRAIN;0;1;X2181152-1;0.9
1361;46.0009;-72.4618;60636.1;17;120;40;0;1;SOUTERRAIN;0;1;X2181152-1;0.9
1362;46.0116;-72.5037;135087;17;120;40;0;1;SOUTERRAIN;0;0;;0.9
1363;45.9876;-72.4961;27875.5;17;120;40;0;1;SOUTERRAIN;0;0;;0.9
1364;45.9406;-72.4109;11033.7;17;70;20;80;1;SOUTERRAIN;0;0;;0.9
1365;45.9416;-72.4096;9787.94;17;70;20;80;1;SOUTERRAIN;0;0;;0.9
1366;45.9412;-72.4122;10420.8;17;40;20;80;1;SOUTERRAIN;0;0;;0.9
1367;46.2177;-72.5939;38681.6;17;40;20;0;1;SOUTERRAIN;0;0;;0.9
1368;45.9447;-72.4097;3424.14;17;70;20;80;1;SOUTERRAIN;0;0;;0.9
1369;45.9444;-72.4085;7993.4;17;40;20;80;1;SOUTERRAIN;0;0;;0.9
1370;45.9992;-72.4586;43599.2;17;120;40;0;1;SURFACE;0;1;90560947-6;0.9
1371;45.9991;-72.5014;182649;17;106.15;35.38;0;1;SOUTERRAIN;0;0;;0.9
1372;46.0173;-72.5104;141941;17;120;40;0;1;SOUTERRAIN;0;0;;0.9
1373;45.9765;-72.4978;124211;17;120;40;0;1;SOUTERRAIN;0;0;;0.9
1374;45.9773;-72.4448;60075.8;17;120;40;0;1;SOUTERRAIN;0;0;;0.9
1375;46.0089;-72.5027;39200.5;17;120;40;0;1;SOUTERRAIN;0;0;;0.9
1376;46.0091;-72.4748;80072.6;17;120;40;0;1;SOUTERRAIN;0;1;X2181152-1;0.9
1377;45.9828;-72.5039;179242;17;120;40;0;1;SOUTERRAIN;1;0;;0.9
1378;46.0089;-72.5053;121463;17;120;40;0;1;SOUTERRAIN;0;0;;0.9
1379;46.0045;-72.4709;103526;17;120;40;0;1;SOUTERRAIN;0;1;X2181152-1;0.9
1380;45.9871;-72.4953;61519.9;17;120;40;0;1;SOUTERRAIN;0;0;;0.9
1381;45.9968;-72.4207;38067.1;17;120;40;0;1;SOUTERRAIN;0;0;;0.9
1382;45.9442;-72.4077;9928.9;17;35;14;40;1;SOUTERRAIN;0;0;;0.9
1383;45.9421;-72.4103;9073.33;17;70;20;80;1;SOUTERRAIN;0;0;;0.9
1384;46.0213;-72.5132;4445.65;17;120;40;0;1;SOUTERRAIN;0;0;;0.9
1385;46.0192;-72.5108;34781;17;120;40;0;1;SOUTERRAIN;0;0;;0.9
1386;46.0003;-72.4596;30264;17;116;38.67;0;1;SOUTERRAIN;0;1;X2181152-1;0.9
1387;46.0050;-72.4585;118817;17;120;40;0;1;SOUTERRAIN;0;1;X2181152-1;0.9
1388;45.9439;-72.4104;5962.17;17;70;20;80;1;SOUTERRAIN;0;0;;0.9
1389;46.0929;-72.3466;268949;17;120;40;0;1;SURFACE;0;1;X2076155-4;0.9
1390;45.9765;-72.4503;121829;17;120;40;0;1;SOUTERRAIN;0;0;;0.9
1391;45.9837;-72.5058;186674;17;120;40;0;1;SOUTERRAIN;0;0;;0.9
1392;45.9976;-72.4658;183047;17;120;40;0;1;SURFACE;0;1;26477216-4;0.9
1393;45.9427;-72.4107;5933.01;17;120;20;80;1;SOUTERRAIN;0;0;;0.9
1394;45.9426;-72.4084;8594.67;17;70;20;80;1;SOUTERRAIN;0;0;;0.9
1395;45.9416;-72.4130;10289;17;37;16.4;56;1;SOUTERRAIN;0;0;;0.9
1396;46.0152;-72.4733;244.096;17;120;40;0;1;SOUTERRAIN;0;0;;0.9
1397;46.0152;-72.4733;244.096;17;120;40;0;1;SOUTERRAIN;0;0;;0.9
1398;46.0152;-72.4733;244.096;17;120;40;0;1;SOUTERRAIN;0;0;;0.9
1399;46.0152;-72.4733;244.096;17;120;40;0;1;SOUTERRAIN;0;0;;0.9
1400;46.0152;-72.4733;244.096;17;120;40;0;1;SOUTERRAIN;0;0;;0.9
1401;46.0152;-72.4733;244.096;17;120;40;0;1;SOUTERRAIN;0;0;;0.9
1402;46.0152;-72.4733;244.096;17;120;40;0;1;SOUTERRAIN;0;0;;0.9
1403;46.0152;-72.4733;244.096;17;120;40;0;1;SOUTERRAIN;0;0;;0.9
1404;46.0078;-72.4413;12098.3;17;70;20;80;1;SOUTERRAIN;0;1;90560947-8;0.9
1405;45.9749;-72.4477;59868.5;17;120;40;0;1;SOUTERRAIN;0;0;;0.9
1406;45.9754;-72.4488;5434.78;17;120;40;0;1;SOUTERRAIN;0;0;;0.9
1407;45.9431;-72.4090;9238.06;17;70;20;80;1;SOUTERRAIN;0;0;;0.9
1408;45.9994;-72.4675;115187;17;120;40;0;1;SURFACE;0;1;26477216-4;0.9
1409;46.0096;-72.4383;9037.72;17;70;20;80;1;SOUTERRAIN;0;1;90560947-8;0.9
1410;46.0047;-72.4381;26099.7;17;40;20;60;1;SOUTERRAIN;0;1;90560947-8;0.9
1411;46.2207;-72.5880;1786.48;17;52;26;0;1;SOUTERRAIN;0;0;;0.9
1412;45.9434;-72.4098;8737.37;17;70;20;80;1;SOUTERRAIN;0;0;;0.9
1413;46.2219;-72.5851;154390;17;52;26;0;1;SOUTERRAIN;0;0;;0.9
1414;46.2237;-72.5812;284.703;17;40;20;0;1;SOUTERRAIN;0;0;;0.9
1415;46.2201;-72.5862;993.511;17;40;20;0;1;SOUTERRAIN;0;0;;0.9
1416;45.9455;-72.4399;319.556;17;40;20;0;1;SOUTERRAIN;0;0;;0.9
1417;45.9461;-72.4417;61731.5;17;40;20;0;1;SOUTERRAIN;0;0;;0.9
1418;45.9985;-72.4452;38903.9;17;40;20;60;1;SURFACE;0;1;90560947-6;0.9
1419;45.9997;-72.4435;4327.02;17;40;20;60;1;SURFACE;0;1;90560947-6;0.9
1420;45.9431;-72.4114;5207.59;17;60;12;80;1;SOUTERRAIN;0;0;;0.9
1421;46.2222;-72.5818;94.7578;17;40;20;0;1;SOUTERRAIN;0;0;;0.9
1422;46.2200;-72.5852;99424.8;17;40;20;0;1;SOUTERRAIN;0;0;;0.9
1423;46.0251;-72.4594;5284.94;17;40;20;60;1;SOUTERRAIN;0;0;;0.9
1424;46.2237;-72.5798;64963.1;17;40;20;0;1;SOUTERRAIN;0;0;;0.9
1425;45.9449;-72.4407;34385.5;17;40;20;0;1;SOUTERRAIN;0;0;;0.9
1426;45.9790;-72.4989;194077;17;120;40;0;1;SOUTERRAIN;0;0;;0.9
