#SITE;LAT(d);LONG(d);CLE_COMPOS;DESC_COMPO;nom_lieu;CRITERE;SOURCE;TYPE;PRELEV (l/j);CODE SCIAN;COEF_CONS;CONTINUE;MOIS D;MOIS FIN;SITE_GPE;SITE_GPE_LAT;SITE_GPE_LONG;SITE_GPE_D;SITE_GPE_F;SITE_ELEVAGES;SITE_ELEVAGES_LAT;SITE_ELEVAGES_LONG;SITE_CULTURES;CRITERE_CONSOMMATION
1;45.790461;-71.92845;X0008198-1;Val-Des-Sources No approvisionnement:5710;Station de purification Val-Des-Sources;1;SURFACE;MUNICIPAL;1738766;221;1;1;1;12;Station de purification Val-Des-Sources;45.79046;-71.92845;2010;2019;;;;;
2;45.77737;-71.91867;X0008198-2;Reserve;Station de purification Val-Des-Sources;1;SURFACE;MUNICIPAL;1738766;221;1;1;1;12;Ville de Val-des-Sources;45.77737;-71.91867;2020;2020;;;;;
3;46.220714;-72.612343;X0008234-2;Riviere Nicolet Nicolet No approvisionnement:5173;Systeme de production Nicolet. (sta.pur.);1;SURFACE;MUNICIPAL;4791531;221;1;1;1;12;Systeme de production Nicolet. (sta.pur.);46.22071;-72.61234;2009;2019;;;;;
4;45.762357;-72.013452;X0008336-1;DANVILLE (RIVIeRE) No approvisionnement:11296;Station de purification Danville;1;SURFACE;MUNICIPAL;630795;221;1;1;1;12;Station de purification Danville;45.76236;-72.01345;2009;2019;;;;;
5;45.844277;-72.090991;X0008695-2;Puits 1 Kingsey Falls No approvisionnement:3905;Installation de production Kingsey-Falls. (aut. trai.);1;SOUTERRAIN;MUNICIPAL;532969;221;1;1;1;12;Installation de production Kingsey-Falls. (aut. trai.);45.84428;-72.09099;2009;2019;;;;;
6;45.846371;-72.092126;X0008695-3;Puits 2 Kingsey Falls No LCH : 68791;Installation de production Kingsey-Falls. (aut. trai.);0;SOUTERRAIN;MUNICIPAL;0;221;1;1;1;12;Station de purification Kingsey-Falls. (aut. trai.);45.84637;-72.09213;2010;2010;;;;;
7;46.027553;-72.115994;X0008860-2;Source Saint-Elphege No approvisionnement:12856;Station de purification Saint-Elphege (post.chl.);1;SOUTERRAIN;MUNICIPAL;75000;221;0.1;1;1;12;Station de purification Saint-Elphege (post.chl.);46.02755;-72.11599;2013;2019;;;;;
8;45.922259;-72.422064;X0008890-10;Puits F-11 No approvisionnement:45294;Installation de production Saint-Cyrille-de-Wendover;0;SOUTERRAIN;MUNICIPAL;0;221;1;1;1;12;Installation de production Saint-Cyrille-de-Wendover;45.92226;-72.42206;2009;2018;;;;;
9;45.924728;-72.426488;X0008890-11;Puits Tessier 2 - No LCH : 68817;Installation de production Saint-Cyrille-de-Wendover;0;SOUTERRAIN;MUNICIPAL;0;221;1;1;1;12;Installation de production Saint-Cyrille-de-Wendover;45.92473;-72.42649;2010;2018;;;;;
10;45.920704;-72.427296;X0008890-2;Puits Robert No approvisionnement:45229;Installation de production Saint-Cyrille-de-Wendover;0;SOUTERRAIN;MUNICIPAL;0;221;1;1;1;12;Installation de production Saint-Cyrille-de-Wendover;45.9207;-72.4273;2009;2018;;;;;
11;45.920732;-72.427245;X0008890-3;Puits Lemire No approvisionnement:45237;Installation de production Saint-Cyrille-de-Wendover;0;SOUTERRAIN;MUNICIPAL;0;221;1;1;1;12;Installation de production Saint-Cyrille-de-Wendover;45.92073;-72.42725;2009;2018;;;;;
12;45.924364;-72.426907;X0008890-4;Puits Tessier No approvisionnement:45245;Installation de production Saint-Cyrille-de-Wendover;0;SOUTERRAIN;MUNICIPAL;0;221;1;1;1;12;Installation de production Saint-Cyrille-de-Wendover;45.92436;-72.42691;2009;2018;;;;;
13;45.92465;-72.428632;X0008890-5;Puits des Pins No approvisionnement:45252;Installation de production Saint-Cyrille-de-Wendover;0;SOUTERRAIN;MUNICIPAL;0;221;1;1;1;12;Installation de production Saint-Cyrille-de-Wendover;45.92465;-72.42863;2009;2018;;;;;
14;45.926013;-72.417139;X0008890-6;Puits Houle No approvisionnement:45260;Installation de production Saint-Cyrille-de-Wendover;0;SOUTERRAIN;MUNICIPAL;0;221;1;1;1;12;Installation de production Saint-Cyrille-de-Wendover;45.92601;-72.41714;2009;2018;;;;;
15;45.913194;-72.445041;X0008890-7;Puits Hebert #2 No approvisionnement:4705;Installation de production Saint-Cyrille-de-Wendover;0;SOUTERRAIN;MUNICIPAL;0;221;1;1;1;12;Installation de production Saint-Cyrille-de-Wendover;45.91319;-72.44504;2009;2018;;;;;
16;45.924131;-72.419936;X0008890-8;Puits F-7 No approvisionnement:45278;Installation de production Saint-Cyrille-de-Wendover;0;SOUTERRAIN;MUNICIPAL;0;221;1;1;1;12;Installation de production Saint-Cyrille-de-Wendover;45.92413;-72.41994;2009;2018;;;;;
17;45.924471;-72.420554;X0008890-9;Puits F-9 No approvisionnement:45286;Installation de production Saint-Cyrille-de-Wendover;0;SOUTERRAIN;MUNICIPAL;0;221;1;1;1;12;Installation de production Saint-Cyrille-de-Wendover;45.92447;-72.42055;2009;2018;;;;;
18;45.993264;-72.341732;X0008898-2;Puits 2 NDBC pas utilise;Station de purification Notre-Dame-du-Bon-Conseil (aut.trait);0;SOUTERRAIN;MUNICIPAL;0;221;1;1;1;12;;;;;;;;;;
19;45.995119;-72.343962;X0008898-3;Puits 3 NDBC;Station de purification Notre-Dame-du-Bon-Conseil (aut.trait);1;SOUTERRAIN;MUNICIPAL;218173;221;1;1;1;12;Station de purification Notre-Dame-du-Bon-Conseil (aut.trait);45.99512;-72.34396;2011;2019;;;;;
20;45.996753;-72.346035;X0008898-4;Puits 1 NDBC inactif - colmate;Station de purification Notre-Dame-du-Bon-Conseil (aut.trait);0;SOUTERRAIN;MUNICIPAL;0;221;1;1;1;12;;;;;;;;;;
21;45.995163;-72.343993;X0008898-5;Puits 4 NDBC;Station de purification Notre-Dame-du-Bon-Conseil (aut.trait);1;SOUTERRAIN;MUNICIPAL;1102502;221;1;1;1;12;Station de purification Notre-Dame-du-Bon-Conseil (aut.trait);45.99516;-72.34399;2011;2019;;;;;
22;45.997721;-72.337808;X0008898-6;Pompe riviere Nicolet;Station de purification Notre-Dame-du-Bon-Conseil (aut.trait);0;SURFACE;MUNICIPAL;0;221;1;1;1;12;Station de purification Notre-Dame-du-Bon-Cons. (aut.trait);45.99772;-72.33781;2011;2011;;;;;
23;45.9936;-72.3413;X0008898-7;Ancien Puits 2 inactif - colmate;Station de purification Notre-Dame-du-Bon-Conseil (aut.trait);0;SOUTERRAIN;MUNICIPAL;0;221;1;1;1;12;;;;;;;;;;
24;45.99329;-72.34171;X0008898-8;Puits 5 NDBC;Station de purification Notre-Dame-du-Bon-Conseil (aut.trait);1;SOUTERRAIN;MUNICIPAL;1102502;221;1;1;1;12;Station de purification Notre-Dame-du-Bon-Conseil (aut.trait);45.99329;-72.34171;2016;2019;;;;;
25;45.965805;-71.598833;X0009138-1;St-Fortunat-Carrier-P1-PSU No approvisionnement:15990;Installation de production Saint-Fortunat;0;SOUTERRAIN;MUNICIPAL;0;221;0.1;1;1;12;;;;;;;;;;
26;45.962614;-71.60597;X0009138-2;St-Fortunat-Carrier P2-PSU No approvisionnement:16022;Installation de production Saint-Fortunat;0;SOUTERRAIN;MUNICIPAL;0;221;0.1;1;1;12;;;;;;;;;;
27;45.967722;-71.606252;X0009138-3;St-Fortunat-Carrier P3-PSU No approvisionnement:16055;Installation de production Saint-Fortunat;0;SOUTERRAIN;MUNICIPAL;0;221;0.1;1;1;12;;;;;;;;;;
28;45.969611;-71.603477;X0009138-4;St-Fortunat-Carrier P1-PSU No approvisionnement:11056;Installation de production Saint-Fortunat;0;SOUTERRAIN;MUNICIPAL;0;221;0.1;1;1;12;;;;;;;;;;
29;45.96735;-71.59709;X0009138-5;SF/PE-02-09;Installation de production Saint-Fortunat;1;SOUTERRAIN;MUNICIPAL;33910;221;0.1;1;1;12;;;;;;;;;;
30;45.912457;-71.727805;X0009169-1;Puits Notre-Dame-de-Ham No approvisionnement:4556;Station de purification Notre-Dame-de-Ham (aut.trait.);1;SOUTERRAIN;MUNICIPAL;16356;221;0.1;1;1;12;;;;;;;;;;
31;45.912718;-71.728714;X0009169-2;Sources Notre-Dame-de-Ham No approvisionnement:4564;Station de purification Notre-Dame-de-Ham (aut.trait.);1;SOUTERRAIN;MUNICIPAL;16356;221;0.1;1;1;12;;;;;;;;;;
32;45.91451;-71.63159;X0009171-10;YP5;Station de purification Ham-Nord (post.chl.);1;SOUTERRAIN;MUNICIPAL;12977;221;1;1;1;12;Station de purification Ham-Nord (post.chl.);45.91451;-71.63159;2009;2019;;;;;
33;45.91337;-71.63305;X0009171-11;YP6 Inactif;Station de purification Ham-Nord (post.chl.);0;SOUTERRAIN;MUNICIPAL;0;221;1;1;1;12;Station de purification Ham-Nord (post.chl.);45.91337;-71.63305;2009;2010;;;;;
34;45.91242;-71.63361;X0009171-12;YP10;Station de purification Ham-Nord (post.chl.);1;SOUTERRAIN;MUNICIPAL;12977;221;1;1;1;12;Station de purification Ham-Nord (post.chl.);45.91242;-71.63361;2009;2019;;;;;
35;45.90899;-71.64828;X0009171-2;Puits 1 Inactif;Station de purification Ham-Nord (post.chl.);0;SOUTERRAIN;MUNICIPAL;0;221;1;1;1;12;;;;;;;;;;
36;45.913335;-71.652157;X0009171-3;Puits de la mine Inactif;Station de purification Ham-Nord (post.chl.);0;SOUTERRAIN;MUNICIPAL;0;221;1;1;1;12;;;;;;;;;;
37;45.916379;-71.638401;X0009171-4;JP2 No approvisionnement:64477;Station de purification Ham-Nord (post.chl.);1;SOUTERRAIN;MUNICIPAL;65579;221;1;1;1;12;Station de purification Ham-Nord (post.chl.);45.91638;-71.6384;2009;2019;;;;;
38;45.916656;-71.633185;X0009171-5;JP1 Inactif;Station de purification Ham-Nord (post.chl.);0;SOUTERRAIN;MUNICIPAL;0;221;1;1;1;12;;;;;;;;;;
39;45.91635;-71.63777;X0009171-6;PUIT Inactif;Station de purification Ham-Nord (post.chl.);0;SOUTERRAIN;MUNICIPAL;0;221;1;1;1;12;;;;;;;;;;
40;45.91516;-71.63236;X0009171-7;YP2;Station de purification Ham-Nord (post.chl.);1;SOUTERRAIN;MUNICIPAL;12977;221;1;1;1;12;Station de purification Ham-Nord (post.chl.);45.91516;-71.63236;2009;2019;;;;;
41;45.91542;-71.63271;X0009171-8;YP3;Station de purification Ham-Nord (post.chl.);1;SOUTERRAIN;MUNICIPAL;12977;221;1;1;1;12;Station de purification Ham-Nord (post.chl.);45.91542;-71.63271;2009;2019;;;;;
42;45.91605;-71.63303;X0009171-9;YP4;Station de purification Ham-Nord (post.chl.);1;SOUTERRAIN;MUNICIPAL;12977;221;1;1;1;12;Station de purification Ham-Nord (post.chl.);45.91605;-71.63303;2009;2019;;;;;
43;45.860563;-71.532611;X0009175-2;Puits -001 Sts-Martyrs Canadiens No approvisionnement:4986;Installation de production Saints-Marthyrs-Canadiens;1;SOUTERRAIN;MUNICIPAL;3623;221;1;1;1;12;;;;;;;;;;
44;45.860738;-71.535164;X0009175-3;Source P-02 Sts-Martyrs Canadiens No approvisionnement:4994;Installation de production Saints-Marthyrs-Canadiens;1;SOUTERRAIN;MUNICIPAL;3623;221;1;1;1;12;;;;;;;;;;
45;45.860661;-71.536517;X0009175-4;P-003;Installation de production Saints-Marthyrs-Canadiens;1;SOUTERRAIN;MUNICIPAL;3623;221;1;1;1;12;;;;;;;;;;
46;46.063005;-72.486134;X0009231-2;Puits # 1 No LCH: 4218;Installation de production Sainte-Perpetue;0;SOUTERRAIN;MUNICIPAL;0;221;1;1;1;12;Installation de production Sainte-Perpetue;46.06301;-72.48613;2010;2017;;;;;
47;46.062571;-72.486666;X0009231-3;Puits # 2 No LCH : 71381;Installation de production Sainte-Perpetue;0;SOUTERRAIN;MUNICIPAL;0;221;1;1;1;12;Installation de production Sainte-Perpetue;46.06257;-72.48667;2011;2019;;;;;
48;46.062137;-72.487162;X0009231-4;Puits # 3 No LCH : 71399;Installation de production Sainte-Perpetue;0;SOUTERRAIN;MUNICIPAL;0;221;1;1;1;12;Station de purification Sainte-Perpetue (aut.trai.);46.06211;-72.48714;2011;2019;;;;;
49;46.100861;-71.807306;X0009316-2;Puits 2  No approvisionnement:3939;Station de purification Saint-Norbert-d'Arthabaska;1;SOUTERRAIN;MUNICIPAL;135270;221;0.1;1;1;12;Station de purification Saint-Norbert-d'Arthabaska;46.10086;-71.80731;2009;2019;;;;;
50;46.100917;-71.805528;X0009316-3;Puits 1 No LCH : 68809;Station de purification Saint-Norbert-d'Arthabaska;1;SOUTERRAIN;MUNICIPAL;26768;221;0.1;1;1;12;Station de purification Saint-Norbert-d'Arthabaska;46.10092;-71.80553;2009;2019;;;;;
51;45.929684;-71.989942;X0009331-2;Warwick puits Desharnais No approvisionnement:5041;Station de purification Warwick (post.chl.);1;SOUTERRAIN;MUNICIPAL;1523801;221;1;1;1;12;Station de purification Warwick (post.chl.);45.92968;-71.98994;2010;2019;;;;;
52;45.954742;-72.005864;X0009331-3;Warwick puits rte St-Albert No approvisionnement:13318;Station de purification Warwick (post.chl.);1;SOUTERRAIN;MUNICIPAL;1523801;221;1;1;1;12;Station de purification Warwick (post.chl.);45.95474;-72.00586;2009;2019;;;;;
53;46.14526;-71.84559;X0009344-2;Puits Princeville No approvisionnement:3962;Installation de production de Princeville;1;SOUTERRAIN;MUNICIPAL;3211989;221;0.1;1;1;12;Installation de production de Princeville;46.14526;-71.84559;2009;2019;;;;;
54;46.029129;-72.479652;X0009346-2;Puite Ste-Brigite des Saults No approvisionnement:4176;Station de purification Sainte-Brigitte. (post.chl.);1;SOUTERRAIN;MUNICIPAL;17258;221;1;1;1;12;;;;;;;;;;
55;46.027582;-72.472948;X0009346-3;Puits SBS-4;Station de purification Sainte-Brigitte. (post.chl.);1;SOUTERRAIN;MUNICIPAL;17258;221;1;1;1;12;;;;;;;;;;
56;45.735443;-71.804705;X0009371-1;WOTTON PUITS 1 No approvisionnement:5702;Systeme d'approvisionnement sans traitement Wotton;1;SOUTERRAIN;MUNICIPAL;66725;221;1;1;1;12;Systeme d'approvisionnement sans traitement Wotton;45.73544;-71.80471;2009;2019;;;;;
57;45.729675;-71.791222;X0009371-2;Wotton puits no2 No approvisionnement:14290;Systeme d'approvisionnement sans traitement Wotton;1;SOUTERRAIN;MUNICIPAL;66725;221;1;1;1;12;Systeme d'approvisionnement sans traitement Wotton;45.72968;-71.79122;2010;2019;;;;;
58;45.986692;-72.254962;X0009389-2;Puits Ste-Clotilde de Horton No approvisionnement:4184;Station de purification Sainte-Clotilde (aut.trait.);1;SOUTERRAIN;MUNICIPAL;151252;221;0.1;1;1;12;Station de purification Sainte-Clotilde (aut.trait.);45.98669;-72.25496;2009;2019;;;;;
59;45.889638;-71.989644;X0010397-2;Puits tingwick No approvisionnement:5017;Station de purification Tingwick (post.chl.);1;SOUTERRAIN;MUNICIPAL;133214;221;1;1;1;12;Station de purification Tingwick (post.chl.);45.88964;-71.98964;2009;2019;;;;;
60;45.8899;-71.989;X0010397-3;Puits PE-2;Station de purification Tingwick (post.chl.);0;SOUTERRAIN;MUNICIPAL;0;221;1;1;1;12;;;;;;;;;;
61;45.979802;-71.80842;X0010448-2;Puits CHES 5 No approvisionnement:67272;Station de purification Chesterville. (aut. trai.);1;SOUTERRAIN;MUNICIPAL;109101;221;1;1;1;12;Station de purification Chesterville. (aut. trai.);45.9798;-71.80842;2009;2019;;;;;
62;45.981219;-71.807241;X0010448-3;Puits CHES 6 No approvisionnement:67298;Station de purification Chesterville. (aut. trai.);1;SOUTERRAIN;MUNICIPAL;21590;221;1;1;1;12;Station de purification Chesterville. (aut. trai.);45.98122;-71.80724;2009;2019;;;;;
63;46.066842;-71.973528;X0010730-2;Lac Bulstrode Victoriaville No approvisionnement:5223;Station de purification Victoriaville (sta.pur.);1;SURFACE;MUNICIPAL;9187063;221;1;1;1;12;Station de purification Victoriaville (sta.pur.);46.06684;-71.97353;2009;2019;;;;;
64;46.034436;-71.925061;X0010731-2;Puits Victoriaville No approvisionnement:4259;Station de purification Victoriaville puits (post.chl.);1;SOUTERRAIN;MUNICIPAL;9187063;221;1;1;1;12;Station de purification Victoriaville puits (post.chl.);46.03444;-71.92506;2009;2019;;;;;
65;46.033846;-71.921816;X0010732-2;Arthabaska No approvisionnement:4242 (Puits P-5);Station de purification Arthabaska (post. chl.);1;SOUTERRAIN;MUNICIPAL;5538520;221;0.1;1;1;12;Station de purification Arthabaska (post. chl.);46.03385;-71.92182;2009;2019;;;;;
66;46.0331;-71.9204;X0010732-3;Puits P-1;Station de purification Arthabaska (post. chl.);0;SOUTERRAIN;MUNICIPAL;0;221;0.1;1;1;12;;;;;;;;;;
67;46.0333;-71.9207;X0010732-4;Puits P-2;Station de purification Arthabaska (post. chl.);0;SOUTERRAIN;MUNICIPAL;0;221;0.1;1;1;12;;;;;;;;;;
68;46.0335;-71.921;X0010732-5;Puits P-3;Station de purification Arthabaska (post. chl.);0;SOUTERRAIN;MUNICIPAL;0;221;0.1;1;1;12;;;;;;;;;;
69;46.0337;-71.9213;X0010732-6;Puits P-4;Station de purification Arthabaska (post. chl.);0;SOUTERRAIN;MUNICIPAL;0;221;0.1;1;1;12;;;;;;;;;;
70;45.69873;-71.846574;X0010971-1;No d'approvisionnement : 69989;Systeme d'approvisionnement sans traitement ecole Notre-Dame-de-l'Assomption;1;SOUTERRAIN;INSTITUT;75000;611;0.1;1;1;12;;;;;;;;;;
71;45.81945;-71.72141;X0011059-1;No d'approvisionnement : 69997;Systeme d'approvisionnement sans traitement ecole Notre-Dame-de-Lourdes;1;SOUTERRAIN;INSTITUT;75000;611;0.1;1;1;12;;;;;;;;;;
72;46.104343;-72.376853;X0011346-2;Puits # 1;Installation de production Saint-Leonard-d'Aston Village;1;SOUTERRAIN;MUNICIPAL;164937;221;1;1;1;12;Installation de production Saint-Leonard-d'Aston Village;46.10431;-72.37668;2010;2019;;;;;
73;46.104313;-72.376678;X0011346-3;Puits # 2;Installation de production Saint-Leonard-d'Aston Village;1;SOUTERRAIN;MUNICIPAL;164937;221;1;1;1;12;Installation de production Saint-Leonard-d'Aston Village;46.10434;-72.37685;2010;2019;;;;;
74;46.100774;-72.361022;X0011347-2;Puits 1 COOP St-Leonard;Installation de production Saint-Leonard-d'Aston Coop;1;SOUTERRAIN;MUNICIPAL;124146;221;1;1;1;12;Installation de production Saint-Leonard-d'Aston Coop;46.10077;-72.36102;2009;2019;;;;;
75;46.050154;-72.30312;X2001479-1;Puits Camping de la Riviere No approvisionnement:34595;Installation de production sans traitement Camping de la riviere (app);1;SOUTERRAIN;COMMERCIAL;75000;721;0.1;1;4;11;;;;;;;;;;
76;45.876039;-72.384065;X2001816-1;Puits Camping Dom. Soleil Ami. No approvisionnement:34280;Systeme d'approvisionnement sans traitement Camping Domaine Soleil Amitie (app);1;SOUTERRAIN;COMMERCIAL;75000;721;0.1;1;4;11;;;;;;;;;;
77;45.944635;-72.19046;X2001855-1;Puits Camping Lac des Cypres No approvisionnement:34215;Systeme d'approvisionnement sans traitement Camping Lac des Cypres (app);1;SOUTERRAIN;COMMERCIAL;75000;721;0.1;1;4;11;;;;;;;;;;
78;46.017982;-72.536695;X2001970-1;Puits Club naturiste Adam & Ev No approvisionnement:58149;Installation de production Camping Club Natu. Adam & eve (app);1;SOUTERRAIN;COMMERCIAL;75000;721;0.1;1;4;11;;;;;;;;;;
79;46.112513;-71.90433;X2002056-1;Lac Mirage puits No approvisionnement:59832;Systeme d'approvisionnement sans traitement Centre Aquatique Lac Mirage (app);1;SOUTERRAIN;COMMERCIAL;75000;721;0.1;1;4;11;;;;;;;;;;
80;45.80054;-71.91281;X2026167-1;Puits #3 No LCH : 71522;Systeme d'approvisionnement sans traitement Camp musical Val-des-Sources (Complexe D);1;SOUTERRAIN;COMMERCIAL;75000;721;0.1;1;1;12;Systeme d'approvisionnement sans traitement Camp musical Val-des-Sources (Complexe D);45.80054;-71.91281;2011;2019;;;;;
81;45.80145;-71.91402;X2026174-1;Puits camping-No d'approvisionnement : 68221;Systeme d'approvisionnement sans traitement Camp musical Val-des-Sources (camping);1;SOUTERRAIN;COMMERCIAL;379000;721;0.1;1;1;12;Systeme d'approvisionnement sans traitement Camp musical Val-des-Sources (camping);45.80145;-71.91402;2011;2019;;;;;
82;45.80153;-71.88261;X2026181-1;No d'approvisionnement : 69740;Systeme d'approvisionnement sans traitement Villa du campeur Trois-Lacs inc.;1;SOUTERRAIN;COMMERCIAL;75000;721;0.1;1;4;11;;;;;;;;;;
83;45.798139;-72.017444;X2050721-1;HOTEL ET MOTEL ST-REGIS - SBU No approvisionnement:32797;Systeme d'approvisionnement sans traitement Hotel et motel St-Regis;1;SOUTERRAIN;COMMERCIAL;75000;721;0.1;1;1;12;;;;;;;;;;
84;45.782379;-71.906744;X2051282-1;J.COUTU & G.COTE - PTU No approvisionnement:33050;Systeme d'approvisionnement sans traitement Jacques Coutu et Ginette Cote;0;SOUTERRAIN;COMMERCIAL;0;44-45;0.1;1;1;12;;;;;;;;;;
85;45.818286;-71.721898;X2051295-1;MELANIE GAGNON - PTU No approvisionnement:33076;Station de purification Melanie Gagnon;0;SOUTERRAIN;COMMERCIAL;0;44-45;0.1;1;1;12;;;;;;;;;;
86;45.782388;-71.906099;X2051299-1;M.& P. BOISVERT - PTU No approvisionnement:33084;Station de purification Marylene et Pascal Boisvert;0;SOUTERRAIN;COMMERCIAL;0;44-45;0.1;1;1;12;;;;;;;;;;
87;45.685059;-71.703281;X2051305-1;J.P LAMARRE & C.PERREAULT-PTU No approvisionnement:33092;Station de purification Jean-Paul Lamarre et Chantale Perreault;1;SOUTERRAIN;COMMERCIAL;75000;44-45;0.1;1;1;12;;;;;;;;;;
88;45.77847;-71.8379;X2051798-1;LA SAVINNIERE - PTU No approvisionnement:33472;Systeme d'approvisionnement sans traitement La Savinniere;0;SOUTERRAIN;COMMERCIAL;0;44-45;0.1;1;1;12;;;;;;;;;;
89;46.002279;-72.091;X2054649-2;Puits ecole Ameder-Boisvert No approvisionnement:35105;Installation de production - purification ecole Amedee-Boisvert (aut.trait.);1;SOUTERRAIN;INSTITUT;75000;611;0.1;1;1;12;;;;;;;;;;
90;45.873569;-72.266353;X2054672-1;Puits ecole Pavillon St-Lucien No approvisionnement:35162;Systeme d'approvisionnement sans traitement ecole Pavillon de St-Lucien (app);1;SOUTERRAIN;INSTITUT;75000;611;0.1;1;1;12;;;;;;;;;;
91;45.80691;-71.885226;X2054673-1;Amenagement Trois-Lac Puits 2 No approvisionnement : 35170;Systeme d'approvisionnement Saint-Remi-de-Tingwick Amenagements Trois-Lacs;0;SOUTERRAIN;MUNICIPAL;0;221;0.1;1;1;12;;;;;;;;;;
92;45.806158;-71.883964;X2054673-2;Amenagement Trois-Lac Puits 1 bois  No LCH : 67868;Systeme d'approvisionnement Saint-Remi-de-Tingwick Amenagements Trois-Lacs;0;SOUTERRAIN;MUNICIPAL;0;221;0.1;1;1;12;;;;;;;;;;
93;45.80974;-71.889671;X2054673-3;Amenagement Trois-Lac Puits 3;Systeme d'approvisionnement Saint-Remi-de-Tingwick Amenagements Trois-Lacs;0;SOUTERRAIN;MUNICIPAL;0;221;0.1;1;1;12;;;;;;;;;;
94;45.809901;-71.889744;X2054673-4;Amenagement Trois-Lac puits 4;Systeme d'approvisionnement Saint-Remi-de-Tingwick Amenagements Trois-Lacs;0;SOUTERRAIN;MUNICIPAL;0;221;0.1;1;1;12;;;;;;;;;;
95;45.816466;-71.86533;X2054673-5;Puits PE-3;Systeme d'approvisionnement Saint-Remi-de-Tingwick Amenagements Trois-Lacs;0;SOUTERRAIN;MUNICIPAL;0;221;0.1;1;1;12;;;;;;;;;;
96;45.818599;-71.865671;X2054673-6;Puits PE-4;Systeme d'approvisionnement Saint-Remi-de-Tingwick Amenagements Trois-Lacs;0;SOUTERRAIN;MUNICIPAL;0;221;0.1;1;1;12;;;;;;;;;;
97;46.068095;-72.20489;X2054675-1;Puits ecole Centrale St-Samuel No approvisionnement:35188;Systeme d'approvisionnement sans traitement ecole Centrale Saint-Samuel (app);1;SOUTERRAIN;INSTITUT;75000;611;0.1;1;1;12;;;;;;;;;;
98;46.064213;-72.097051;X2054676-2;Puits ecole Coeur I. St-Valere No approvisionnement:35196;Station de purification ecole Coeur Immaculee (post.chl.);1;SOUTERRAIN;INSTITUT;75000;611;0.1;1;1;12;;;;;;;;;;
99;46.022867;-71.971068;X2054680-1;INACTIF Aque. Cecile Croteau (puits demantele + bentonite);Systeme d'approvisionnement sans traitement Aqueduc Cecile B. Croteau (app);0;SOUTERRAIN;COMMERCIAL;0;44-45;0.1;1;1;12;;;;;;;;;;
100;45.905154;-72.028655;X2054681-1;Puits ecole la Fermen. Warwick No approvisionnement:35212;Systeme d'approvisionnement sans traitement ecole La Fermentiere Warwick (app);1;SOUTERRAIN;INSTITUT;75000;611;0.8;1;1;12;;;;;;Commission scolaire des Bois-Francs;45.90466;-72.02869;;
101;45.803965;-71.91566;X2055495-1;Puits Riverains 3-Lacs N.O. No approvisionnement:39990;Systeme d'approvisionnement sans traitement Riverains 3-Lacs N.O.;1;SOUTERRAIN;PRIVE;75000;221;0.1;1;1;12;;;;;;;;;;
102;46.109448;-71.911353;X2055853-1;Puits Camping Plage des Sables No approvisionnement:36038;Systeme d'approvisionnement sans traitement Camping Plage des Sables (app);1;SOUTERRAIN;COMMERCIAL;75000;721;0.1;1;4;11;Systeme d'approvisionnement sans traitement Camping Plage des Sables (app);46.10945;-71.91135;2009;2011;;;;;
103;45.873722;-72.26635;X2063404-1;Puits ecole Deux Riv St-Lucien No approvisionnement:40022;Systeme d'approvisionnement sans traitement ecole Deux Rivieres St-Lucien (app);1;SOUTERRAIN;INSTITUT;75000;611;0.1;1;1;12;;;;;;;;;;
104;46.110275;-72.415763;X2067695-1;Centre equestre St-Leonard PTU No approvisionnement:47217;Systeme d'approvisionnement sans traitement Ranch des petits sabots (app);1;SOUTERRAIN;COMMERCIAL;75000;44-45;0.8;1;1;12;;;;;;Natacha Scotto;46.1102;-72.415417;;
105;46.112952;-72.563892;X2067711-1;Aux berges la Nicole PTU No approvisionnement:47258;Systeme d'approvisionnement sans traitement Aux berges de l'eau Claire (app);1;SOUTERRAIN;COMMERCIAL;75000;722;0.1;1;1;12;;;;;;;;;;
106;45.930526;-71.9617;X2067747-1;Station mont Gleason PTU No approvisionnement:47290;Installation de production sans traitement Station du mont Gleason;1;SOUTERRAIN;COMMERCIAL;75000;713;0.1;1;1;12;Station du mont Gleason (Chalet principal);45.93053;-71.9617;2011;2019;;;;;
107;46.113192;-71.897399;X2067752-1;Club de golf Laurier PTU No approvisionnement:47316;Station de purification Club de golf Laurier (aut.trait.);1;SOUTERRAIN;COMMERCIAL;75000;713;0.1;1;4;11;Station de purification Club de golf Laurier (aut.trait.);46.11319;-71.8974;2014;2014;;;;;
108;46.055209;-72.004333;X2067756-1;Club de golf Colonial PTU No approvisionnement:47324;Systeme d'approvisionnement sans traitement Club de golf Colonial (app);0;SOUTERRAIN;COMMERCIAL;0;713;0.1;1;4;11;;;;;;;;;;
109;46.024304;-71.938001;X2067759-1;Club de golf Arthavic PSU No approvisionnement:47332;Systeme d'approvisionnement sans traitement Club de golf Arthavic (app);0;SOUTERRAIN;COMMERCIAL;0;713;0.1;1;4;11;;;;;;;;;;
110;45.979643;-72.369839;X2067772-2;erabliere pente douce PTU No approvisionnement:47373;Systeme d'approvisionnement sans traitement erabliere la pente douce inc.;0;SOUTERRAIN;COMMERCIAL;0;111;0.1;1;3;5;;;;;;;;;;
111;45.97983;-72.370229;X2067772-3;erabliere pente douce PTU No approvisionnement:47365;Systeme d'approvisionnement sans traitement erabliere la pente douce inc.;1;SOUTERRAIN;COMMERCIAL;75000;111;0.1;1;3;5;;;;;;;;;;
112;46.085738;-72.167172;X2067795-1;L erable rouge PTU No approvisionnement:47407;Installation de production sans traitement L'Erable rouge (app);1;SOUTERRAIN;COMMERCIAL;75000;111;0.1;1;1;5;;;;;;;;;;
113;46.005373;-71.893726;X2067809-1;Restaurant lac des Cedres PTU No approvisionnement:47423;Station de purification Restaurant Lac des Cedres (aut.trait.);1;SOUTERRAIN;COMMERCIAL;75000;722;0.1;1;1;12;;;;;;;;;;
114;46.012245;-72.07188;X2067824-1;Restaurant les Dalton PSU No approvisionnement:47464;Systeme d'approvisionnement sans traitement Restaurant les Dalton (app);1;SOUTERRAIN;COMMERCIAL;75000;722;0.1;1;1;12;;;;;;;;;;
115;46.054477;-72.009612;X2067835-2;Restaurant chez Mado PTU No approvisionnement:47480;Station de purification Restaurant chez Mado (aut.trait.);0;SOUTERRAIN;COMMERCIAL;0;722;0.1;1;1;12;;;;;;;;;;
116;45.988028;-72.38991;X2067895-1;Hotel-Motel 4-Saisons PTU No approvisionnement:47597;Installation de production Hotel-Motel 4 Saisons (post.chl.);1;SOUTERRAIN;MUNICIPAL;75000;721;0.1;1;1;12;;;;;;;;;;
117;46.066622;-72.205219;X2067912-1;St-Samuel Garderie loisirs PTU No approvisionnement:47795;Systeme d'approvisionnement avec traitement Saint-Samuel Garderie  loisirs (app);1;SOUTERRAIN;MUNICIPAL;75000;624;0.1;1;1;12;;;;;;;;;;
118;46.007607;-71.892762;X2067927-1;Lac des Cedres PTU No approvisionnement:47845;Installation de production sans traitement Lac des Cedres (app);1;SOUTERRAIN;PRIVE;75000;221;0.1;1;1;12;;;;;;;;;;
119;46.00318;-72.089622;X2068040-1;Saint-Albert Centre com. PTU No approvisionnement:48157;Installation de production - purification Saint-Albert Centre com. (aut.trait.);1;SOUTERRAIN;COMMERCIAL;75000;44-45;1;1;1;12;;;;;;;;;;
120;45.992074;-72.3932;X2068156-1;Puits du Restaurant 191 enr;Station de purification Restaurant 191 enr. (aut.trait.);1;SOUTERRAIN;COMMERCIAL;75000;722;0.1;1;1;12;;;;;;;;;;
121;45.984405;-72.056708;X2068182-1;Cantine-Restau chez Lucky PTU No approvisionnement:48322;Installation de production Cantine-Restau chez Lucky (app);1;SOUTERRAIN;COMMERCIAL;75000;722;0.1;1;1;12;;;;;;;;;;
122;46.019046;-71.939001;X2068224-1;Bloc appart 52 rte 116 PTU No approvisionnement:48371;Station de purification Bloc appartement 52 rte 116 aut.tra;1;SOUTERRAIN;MUNICIPAL;75000;221;0.1;1;1;12;;;;;;;;;;
123;45.948791;-72.445696;X2068294-1;Rest. Irving St-Cyrille PTU No approvisionnement:48454;Station de purification Restaurant Irving St-Cyrille-de-Wendover (aut.trait.);1;SOUTERRAIN;COMMERCIAL;379000;722;0.1;1;1;12;;;;;;;;;;
124;45.977268;-71.608133;X2069982-1;THEoTRE CHeVRERIE - SBU No approvisionnement:51177;Systeme d'approvisionnement sans traitement Theatre de la Chevrerie;0;SOUTERRAIN;COMMERCIAL;0;711;0.1;1;1;12;;;;;;;;;;
125;45.961943;-72.017089;X2073459-1;erabliere Val-Mont PTU No approvisionnement:54510;Systeme d'approvisionnement sans traitement erabliere Val-Mont (app);1;SOUTERRAIN;COMMERCIAL;75000;111;0.1;1;3;5;;;;;;;;;;
126;46.042723;-71.896642;X2073463-1;Cabane Mont St-Michel PSU No approvisionnement:54528;Systeme d'approvisionnement sans traitement Cabane a sucre du Mont St-Mich (app);1;SOUTERRAIN;COMMERCIAL;75000;111;0.1;1;3;5;;;;;;;;;;
127;45.821234;-72.244602;X2073483-1;Camp Scougui PTU No approvisionnement:54536;Installation de production Camp Scougui (aut.trait.);1;SOUTERRAIN;COMMERCIAL;75000;721;0.1;1;1;12;;;;;;;;;;
128;45.944454;-72.082894;X2073517-1;Cabane a sucre Jolibois PTU No approvisionnement:54585;Systeme d'approvisionnement sans traitement Cabane a sucre Jolibois (app);1;SOUTERRAIN;COMMERCIAL;75000;111;0.1;1;3;5;;;;;;;;;;
129;46.057983;-72.310976;X2073584-1;Le Manoir Big Foot PTU No approvisionnement:54601;Installation de production Le S.E.C Madrid;1;SOUTERRAIN;COMMERCIAL;75000;722;0.1;1;1;12;;;;;;;;;;
130;46.030338;-71.932564;X2073798-1;ecole du rang Cinq-Chicots PTU No approvisionnement:54684;Systeme d'approvisionnement sans traitement ecole du rang Cinq-Chicots (app);1;SOUTERRAIN;COMMERCIAL;75000;611;0.1;1;1;12;;;;;;;;;;
131;46.086288;-71.857239;X2073824-1;Cabane sucre salle erables PTU No approvisionnement:54692;Systeme d'approvisionnement sans traitement Cabane a sucre Salle des erables (app);1;SOUTERRAIN;COMMERCIAL;75000;111;0.1;1;3;5;;;;;;;;;;
132;46.039705;-72.326239;X2073945-1;Restaurant le Meteque PTU No approvisionnement:54775;Systeme d'approvisionnement sans traitement  Cafeteria & traiteur Le Meteq (app);0;SOUTERRAIN;COMMERCIAL;0;722;0.1;1;1;12;;;;;;;;;;
133;45.904465;-71.728879;X2074085-1;Domaine des Vacanciers PTU No approvisionnement:54833;Installation de production sans traitement Domaine des Vacanciers (app);1;SOUTERRAIN;COMMERCIAL;75000;721;0.1;1;1;12;;;;;;;;;;
134;46.097901;-72.229952;X2074136-1;Motel Marie-Dan PTU No approvisionnement:54874;Station de purification Motel Marie-Dan (aut.trait.);1;SOUTERRAIN;COMMERCIAL;75000;721;0.1;1;1;12;;;;;;;;;;
135;45.864987;-71.819573;X2074182-1;Puits Fabrique Saint-Remi No approvisionnement:54908;Systeme d'approvisionnement sans traitement puits Marie-Soleil Hudon-Ramsey (app);1;SOUTERRAIN;PRIVE;75000;221;0.1;1;1;12;;;;;;;;;;
136;46.099837;-72.230455;X2075088-1;Restaurant le Lys PTU No approvisionnement:55491;Station de purification Restaurant le Lys (aut.trait.);0;SOUTERRAIN;COMMERCIAL;0;722;0.1;1;1;12;;;;;;;;;;
137;46.082801;-71.932021;X2075102-1;Motel Helene PTU No approvisionnement:55517;Systeme d'approvisionnement sans traitement Motel Helene (app);1;SOUTERRAIN;COMMERCIAL;75000;721;0.1;1;1;12;;;;;;;;;;
138;45.974548;-72.374061;X2075125-1;Ntr-Dame-Bon-Conseil Par. PTU No approvisionnement:55533;Systeme d'approvisionnement sans traitement Notre-Dame-du-Bon-Conseil Parroisse (app);1;SOUTERRAIN;MUNICIPAL;75000;221;0.1;1;1;12;;;;;;;;;;
139;46.030134;-71.93088;X2075143-1;Saint-Christophe H. Ville PSU No approvisionnement:55541;Systeme d'approvisionnement sans traitement Saint-Christophe Hotel Ville (app);1;SOUTERRAIN;MUNICIPAL;75000;221;0.1;1;1;12;;;;;;;;;;
140;46.079666;-71.931743;X2075166-1;Cantine Annie PTU No approvisionnement:55558;Installation de production Cantine Annie;1;SOUTERRAIN;COMMERCIAL;75000;722;0.1;1;1;12;;;;;;;;;;
141;46.07085;-72.205846;X2080253-1;St-Samuel centre commun. puits No approvisionnement:58230;Systeme d'approvisionnement sans traitement Saint-Samuel Centre commun. (app);1;SOUTERRAIN;MUNICIPAL;75000;221;0.1;1;1;12;;;;;;;;;;
142;46.024795;-71.712415;X2080306-2;PSU No LCH : 47779;Systeme d'approvisionnement sans traitement Le Sainte-Helene, Auberge & Spa Nordique (app);1;SOUTERRAIN;COMMERCIAL;75000;721;0.1;1;1;12;;;;;;;;;;
143;45.923333;-72.079833;X2080308-1;Puits Sainte-elisabeth No approvisionnement:58206;Systeme d'approvisionnement sans traitement Sainte-elizabeth Centre des loisirs (app);1;SOUTERRAIN;MUNICIPAL;75000;221;0.1;1;1;12;;;;;;;;;;
144;46.065656;-72.096614;X2080349-1;Saint-Valere puits No approvisionnement:58248;Installation de production Saint-Valere Hotel Vil. (aut.trait);1;SOUTERRAIN;MUNICIPAL;75000;221;0.1;1;1;12;;;;;;;;;;
145;45.711532;-72.102269;X2087734-1;No d'approvisionnement : 69807;Systeme d'approvisionnement sans traitement Camp d'action biblique;1;SOUTERRAIN;COMMERCIAL;75000;721;0.1;1;5;9;;;;;;;;;;
146;45.6828;-71.70176;X2097077-1;No d'approvisionnement : 70037;Systeme d'approvisionnement  sans trait  edifice public-St-Camille;1;SOUTERRAIN;MUNICIPAL;75000;611;0.1;1;1;12;;;;;;;;;;
147;45.79871;-71.91337;X2097079-1;Puits #2 Salle multi-No LCH 68312;Systeme d'approvisionnement sans traitement Camp musical Val-des-Sources (Salle multi);1;SOUTERRAIN;COMMERCIAL;379000;721;0.1;1;1;12;Systeme d'approvisionnement sans traitement Camp musical Val-des-Sources (Salle multi);45.79871;-71.91337;2011;2019;;;;;
148;45.83996;-72.03719;X2097383-1;Puits;Installation de production - Camping des pins;1;SOUTERRAIN;COMMERCIAL;75000;721;0.1;1;4;11;;;;;;;;;;
149;45.676317;-71.702217;X2097388-1;No d'approvisionnement : 69963;Systeme d'approvisionnement sans traitement ecole Christ-Roi;1;SOUTERRAIN;INSTITUT;75000;611;0.1;1;1;12;;;;;;;;;;
150;45.79829;-72.01574;X2099798-1;No d'approvisionnement : 70144;Systeme d'approvisionnement sans traitement Resto entre-nous;0;SOUTERRAIN;COMMERCIAL;0;722;0.1;1;1;12;;;;;;;;;;
151;45.683506;-71.703825;X2100326-1;No d'approvisionnement : 70078;Systeme d'approvisionnement sans traitement Le petit bonheur de St-Camille;1;SOUTERRAIN;COMMERCIAL;75000;722;0.1;1;1;12;;;;;;;;;;
152;45.762286;-71.85705;X2100469-1;Domaine Condor No LCH : 69708;Systeme d'approvisionnement sans traitement Domaine Condor;1;SOUTERRAIN;COMMERCIAL;75000;721;0.1;1;1;12;;;;;;;;;;
153;45.75734;-71.91827;X2100544-1;Puits Sylvestre;Systeme d'approvisionnement sans traitement Developpement Boudreau Shipton;1;SOUTERRAIN;PRIVE;75000;221;0.1;1;1;12;;;;;;;;;;
154;45.75596;-71.92156;X2100544-2;Puits ville;Systeme d'approvisionnement sans traitement Developpement Boudreau Shipton;1;SOUTERRAIN;PRIVE;75000;221;0.1;1;1;12;;;;;;;;;;
155;45.699639;-71.847056;X2101359-1;Puits 1;Systeme d'approvisionnement sans traitement Saint-Georges-de-Windsor;1;SOUTERRAIN;MUNICIPAL;27540;221;1;1;1;12;;;;;;;;;;
156;45.698687;-71.847134;X2101359-2;Puits P2;Systeme d'approvisionnement sans traitement Saint-Georges-de-Windsor;1;SOUTERRAIN;MUNICIPAL;27540;221;1;1;1;12;;;;;;;;;;
157;45.78448;-71.912311;X2101463-1;No d'approvisionnement : 70136;Systeme d'approvisionnement sans traitement Proprietaires du puits-Shipton;1;SOUTERRAIN;PRIVE;75000;221;0.1;1;1;12;;;;;;;;;;
158;45.935536;-71.79554;X2114880-1;Puits Camping Val Chester No approvisionnement:66662;Systeme d'approvisionnement sans traitement Centre de plein air Val Chester app;1;SOUTERRAIN;COMMERCIAL;75000;713;0.1;1;4;11;;;;;;;;;;
159;46.114356;-71.92408;X2114999-1;puits aeroport No approvisionnement:66696;Systeme d'approvisionnement sans traitement Victoriaville Aeroport (APP);1;SOUTERRAIN;MUNICIPAL;75000;221;0.1;1;1;12;Systeme d'approvisionnement sans traitement Victoriaville Aeroport (APP);46.11436;-71.92408;2010;2019;;;;;
160;45.910814;-72.453284;X2116948-2;Fromagerie Lemaire No approvisionnement:67413;Station de purification Fromagerie Lemaire (aut. trai.);1;SOUTERRAIN;COMMERCIAL;75000;722;0.1;1;1;12;;;;;;;;;;
161;46.092669;-71.846049;X2116970-2;Restaurant Lydia No approvisionnement:67439;Station de purification Restaurant Lydia (aut. trai.);1;SOUTERRAIN;COMMERCIAL;75000;722;0.1;1;1;12;;;;;;;;;;
162;46.092772;-71.845563;X2116970-3;Restaurant Lydia (2014);Station de purification Restaurant Lydia (aut. trai.);1;SOUTERRAIN;COMMERCIAL;75000;722;0.1;1;1;12;;;;;;;;;;
163;45.75554;-72.06884;X2119493-1;puits 1;Poste d'eau potable Camping Mont Scotch Hill;1;SOUTERRAIN;COMMERCIAL;75000;721;0.1;1;4;11;;;;;;;;;;
164;45.75629;-72.06693;X2119493-2;puits 2;Poste d'eau potable Camping Mont Scotch Hill;1;SOUTERRAIN;COMMERCIAL;75000;721;0.1;1;4;11;;;;;;;;;;
165;46.050101;-71.689921;X2124219-1;puits;Station de purification Sainte-Helene-de-Chester centre sportif (app);1;SOUTERRAIN;MUNICIPAL;75000;221;0.1;1;1;12;;;;;;;;;;
166;45.926199;-71.951841;X2154242-1;Lac;Station de purification (aut. trai) Station Mont Gleason chalet sommet;1;SURFACE;COMMERCIAL;75000;713;0.1;1;9;3;Station Mont Gleason (Chalet sommet);45.9262;-71.95184;2015;2019;;;;;
167;45.9257;-71.6359;X2154363-1;Puits;Installation de production sans traitement La table dans les nuages;1;SOUTERRAIN;COMMERCIAL;75000;722;0.1;1;1;12;;;;;;;;;;
168;45.816444;-71.865217;X2157441-1;PE-3;Installation de production d'eau potable Saint-Remi-de-Tingwick 193-100;1;SOUTERRAIN;MUNICIPAL;7033;221;0.1;1;1;12;Installation de production d'eau potable Saint-Remi-de-Tingwick 193-100;45.81644;-71.86522;2016;2019;;;;;
169;45.818422;-71.865792;X2157441-2;PE-4;Installation de production d'eau potable Saint-Remi-de-Tingwick 193-100;1;SOUTERRAIN;MUNICIPAL;35540;221;0.1;1;1;12;Installation de production d'eau potable Saint-Remi-de-Tingwick 193-100;45.81842;-71.86579;2016;2019;;;;;
170;46.016997;-72.536006;X2158106-1;Puits rue du lac;Installation de production d'eau potable Club naturiste Adam et eve Puits rue du lac;1;SOUTERRAIN;COMMERCIAL;75000;721;0.1;1;4;11;;;;;;;;;;
171;46.121;-71.8434;X2163611-1;Puits Naturezaspa;Installation de production sans traitement Natureza spa;1;SOUTERRAIN;COMMERCIAL;75000;721;0.1;1;1;12;;;;;;;;;;
172;45.779653;-71.642781;X2163664-1;;Poste d'eau potable Developpement du mont Ham;1;SOUTERRAIN;PRIVE;75000;221;0.1;1;1;12;;;;;;;;;;
173;45.89168;-72.02049;X2181660-1;Puits;Systeme d'approvisionnement sans traitement Domaine Frechette (app);1;SOUTERRAIN;COMMERCIAL;75000;721;0.1;1;1;12;;;;;;;;;;
174;46.031667;-71.935818;13569132-1;1 puits tubulaire;Les Cuisines Bois-Francs inc.;1;SOUTERRAIN;INDUSTRIEL;75000;321;0.25;1;1;12;;;;;;;;;;
175;45.949666;-71.995934;14680029-1;1 puits tubulaire;Fromagerie 1860 du Village inc.;1;SOUTERRAIN;INDUSTRIEL;379000;311;0.2;1;1;12;Warwick ;45.94967;-71.99593;2009;2014;;;;;
176;45.988909;-72.337218;15770910-2;Pompe (Les pins);Ferme Constant Cardinal limitee;1;SOUTERRAIN;AGRICOLE;379000;111;0.9;0;6;9;;;;;;;;;1;
177;45.905378;-71.725941;16417503-1;1 puits tubulaire;Matelas Laval;1;SOUTERRAIN;INDUSTRIEL;75000;313;0.15;1;1;12;;;;;;;;;;
178;45.87175;-72.263876;19721869-1;1 puits tubulaire;Gestion horticole Normand Francoeur;1;SOUTERRAIN;AGRICOLE;75000;111;0.9;1;4;10;;;;;;;;;;
179;45.871399;-72.264989;19721869-3;1 Lac artificiel;Gestion horticole Normand Francoeur;1;SURFACE;AGRICOLE;75000;111;0.9;1;4;10;;;;;;;;;;
180;45.871507;-72.264635;19721869-4;1 pointe filtrante;Gestion horticole Normand Francoeur;1;SOUTERRAIN;AGRICOLE;75000;111;0.9;1;4;10;;;;;;;;;;
181;45.987491;-72.335828;21660022-1;puits tubulaire;Coffrages Lefebvre inc.;1;SOUTERRAIN;COMMERCIAL;75000;238;1;1;1;12;;;;;;;;;;
182;45.7646;-71.95538;22533442-1;Puits-chemin de fer;Mine Jeffrey inc.;0;SOUTERRAIN;INDUSTRIEL;0;212;0.1;1;1;12;Mine Jeffrey inc.;45.7646;-71.95538;2009;2010;;;;;
183;45.76133;-71.94753;22533442-2;Systeme, eau de service;Mine Jeffrey inc.;0;SURFACE;INDUSTRIEL;0;212;0.1;1;1;12;Mine Jeffrey inc.;45.76133;-71.94753;2009;2010;;;;;1
184;45.77581;-71.95582;22533442-3;Pompes 5&6;Mine Jeffrey inc.;0;SURFACE;INDUSTRIEL;0;212;0.1;1;1;12;Mine Jeffrey inc.;45.77581;-71.95582;2009;2011;;;;;1
185;45.779444;-71.951111;22533442-4;Pompes 24A & 24B;Mine Jeffrey inc.;0;SURFACE;INDUSTRIEL;0;212;0.1;1;1;12;Mine Jeffrey inc.;45.77944;-71.95111;2009;2011;;;;;1
186;46.092177;-72.360442;24131559-7;prise d'eau;Proculteur inc.;1;SURFACE;AGRICOLE;379000;111;0.9;0;6;9;;;;;;;;;1;
187;45.930853;-71.807924;25470873-1;1 puits tubulaire;Fromagerie Tournevent inc.;1;SOUTERRAIN;INDUSTRIEL;75000;311;0.2;1;1;12;;;;;;;;;;
188;46.067012;-71.972011;26442293-1;Reservoir Beaudet;Parmalat Canada inc., Victoriaville;1;SURFACE;INDUSTRIEL;379000;311;0.2;1;1;12;Lactalis Victoriaville;46.06701;-71.97201;2009;2019;;;;;1
189;45.998111;-72.471466;26477216-4;Lac artificiel;Les pommes de terre Cardinal inc.;1;SURFACE;AGRICOLE;379000;111;0.9;0;6;9;Les pommes de terre Cardinal inc.;45.99811;-72.47147;2020;2020;;;;1;
190;45.85127;-71.73306;26607507-4;Puits de l'etable;9033-9094 Quebec inc.;1;SOUTERRAIN;AGRICOLE;75000;111;0.9;1;1;12;;;;;;;;;;
191;46.079546;-72.362413;28409027-1;Puits # 2;Les Aliments Baril inc.;1;SOUTERRAIN;INDUSTRIEL;379000;311;0.2;1;1;12;Les Aliments Baril inc.;46.07955;-72.36241;2009;2019;;;;;
192;46.081261;-72.361451;28409027-2;Puits # 3;Les Aliments Baril inc.;1;SOUTERRAIN;INDUSTRIEL;75000;311;0.2;1;1;12;Les Aliments Baril inc.;46.08126;-72.36145;2009;2019;;;;;
193;45.975128;-72.309356;29587490-2;Puits # 1 (derriere l'usine);Sixpro inc. Notre-Dame-du-Bon-Conseil;1;SOUTERRAIN;INDUSTRIEL;379000;332;0.06;1;1;12;Sixpro inc.;45.97513;-72.30936;2010;2019;;;;;
194;45.974736;-72.31025;29587490-3;Puits # 2 (a cote de l'usine);Sixpro inc. Notre-Dame-du-Bon-Conseil;1;SOUTERRAIN;INDUSTRIEL;379000;332;0.06;1;1;12;Sixpro inc.;45.97474;-72.31025;2010;2019;;;;;
195;46.002343;-72.335712;52294303-1;1 pompage de la carriere Sintra Notre-Dame-du-Bon-Conseil;Agropur Cooperative - Usine de Notre-Dame-du-Bon-Conseil;1;SURFACE;INDUSTRIEL;379000;311;0.2;1;1;12;Agropur Cooperative - Usine de Notre-Dame-du-Bon-Conseil;46.00234;-72.33571;2011;2019;;;;;1
196;46.00165;-72.340829;52294303-2;1 prise d'eau Riviere Nicolet;Agropur Cooperative - Usine de Notre-Dame-du-Bon-Conseil;1;SURFACE;INDUSTRIEL;379000;311;0.2;1;1;12;Agropur Cooperative - Usine de Notre-Dame-du-Bon-Conseil;46.00165;-72.34083;2011;2019;;;;;1
197;46.148542;-71.886295;52889359-1;puits tubulaire;Club de golf La Fontaine;0;SOUTERRAIN;COMMERCIAL;0;713;0.9;1;4;10;;;;;;;;;;
198;46.148523;-71.886346;52889359-2;Lac artificiel;Club de golf La Fontaine;0;SURFACE;COMMERCIAL;0;713;0.9;1;4;10;;;;;;;;;;
199;45.921881;-72.418269;54069315-1;Puits 1;Groupe la feuille verte inc.;1;SOUTERRAIN;INDUSTRIEL;75000;311;0.2;1;1;12;Usine d'abattage de boeuf, Levinoff-Colbex, S.E.C.;45.92188;-72.41827;2009;2012;;;;;
200;45.921881;-72.418269;54069315-10;Puits 10;Groupe la feuille verte inc.;1;SOUTERRAIN;INDUSTRIEL;75000;311;0.2;1;1;12;;;;;;;;;;
201;45.921881;-72.418269;54069315-11;Puits 11;Groupe la feuille verte inc.;1;SOUTERRAIN;INDUSTRIEL;75000;311;0.2;1;1;12;;;;;;;;;;
202;45.921881;-72.418269;54069315-12;Puits 12;Groupe la feuille verte inc.;1;SURFACE;INDUSTRIEL;75000;311;0.2;1;1;12;;;;;;;;;;
203;45.921881;-72.418269;54069315-13;Puits 13;Groupe la feuille verte inc.;1;SOUTERRAIN;INDUSTRIEL;75000;311;0.2;1;1;12;;;;;;;;;;
204;45.921881;-72.418269;54069315-14;Puits 14;Groupe la feuille verte inc.;1;SOUTERRAIN;INDUSTRIEL;75000;311;0.2;1;1;12;;;;;;;;;;
205;45.921881;-72.418269;54069315-15;Puits 15;Groupe la feuille verte inc.;1;SOUTERRAIN;INDUSTRIEL;75000;311;0.2;1;1;12;;;;;;;;;;
206;45.921881;-72.418269;54069315-2;Puits 2;Groupe la feuille verte inc.;1;SOUTERRAIN;INDUSTRIEL;75000;311;0.2;1;1;12;;;;;;;;;;
207;45.921881;-72.418269;54069315-3;Puits 3;Groupe la feuille verte inc.;1;SOUTERRAIN;INDUSTRIEL;75000;311;0.2;1;1;12;;;;;;;;;;
208;45.918269;-72.418269;54069315-4;Puits 4;Groupe la feuille verte inc.;1;SOUTERRAIN;INDUSTRIEL;75000;311;0.2;1;1;12;Usine d'abattage de boeuf, Levinoff-Colbex, S.E.C.;45.91827;-72.41827;2009;2012;;;;;
209;45.921881;-72.418269;54069315-5;Puits 5;Groupe la feuille verte inc.;1;SOUTERRAIN;INDUSTRIEL;75000;311;0.2;1;1;12;;;;;;;;;;
210;45.921881;-72.418269;54069315-6;Puits 6;Groupe la feuille verte inc.;1;SOUTERRAIN;INDUSTRIEL;75000;311;0.2;1;1;12;;;;;;;;;;
211;45.921881;-72.418269;54069315-7;Puits 7;Groupe la feuille verte inc.;1;SOUTERRAIN;INDUSTRIEL;75000;311;0.2;1;1;12;;;;;;;;;;
212;45.921881;-72.418269;54069315-8;Puits 8;Groupe la feuille verte inc.;1;SOUTERRAIN;INDUSTRIEL;75000;311;0.2;1;1;12;;;;;;;;;;
213;45.921881;-72.418269;54069315-9;Puits 9;Groupe la feuille verte inc.;1;SOUTERRAIN;INDUSTRIEL;75000;311;0.2;1;1;12;;;;;;;;;;
214;46.029121;-71.93996;54881743-1;1 puits tubulaire = habitation + Transport Gaudreau <50m3/j;Transport Gaudreau;1;SOUTERRAIN;COMMERCIAL;75000;484;0.1;1;1;12;;;;;;;;;;
215;45.77894;-71.9973;54914346-3;Danville 1: Puits #1;Les Serres Savoura St-etienne.  (Anciennement: Danville 1);1;SOUTERRAIN;AGRICOLE;379000;111;0.9;1;1;12;Les Serres Savoura St-etienne.  (Anciennement: Danville 1);45.77894;-71.9973;2017;2017;;;;;
216;45.7784;-71.99593;54914346-4;Danville 1: puits #0;Les Serres Savoura St-etienne.  (Anciennement: Danville 1);1;SOUTERRAIN;AGRICOLE;379000;111;0.9;1;1;12;Les Serres Savoura St-etienne.  (Anciennement: Danville 1);45.7784;-71.99593;2012;2019;;;;;
217;45.77738;-71.9957;54914346-5;Danville 2: puits #3;Les Serres Savoura St-etienne.  (Anciennement: Danville 1);1;SOUTERRAIN;AGRICOLE;379000;111;0.9;1;1;12;Les Serres Savoura St-etienne.  (Anciennement: Danville 1);45.77738;-71.9957;2012;2019;;;;;
218;45.7767;-71.99634;54914346-6;Danville 2: puits #4;Les Serres Savoura St-etienne.  (Anciennement: Danville 1);1;SOUTERRAIN;AGRICOLE;379000;111;0.9;1;1;12;Les Serres Savoura St-etienne.  (Anciennement: Danville 1);45.7767;-71.99634;2016;2019;;;;;
219;45.990991;-72.388358;55206312-1;# 1;Produits Re-plast 9309-2971 Quebec inc.;1;SOUTERRAIN;INDUSTRIEL;75000;326;0.08;1;1;12;Plastiques Cascades - Re-Plast , une division de Cascades Canada ULC.;45.99099;-72.38836;2009;2011;;;;;
220;45.990141;-72.389379;55206312-2;# 2;Produits Re-plast 9309-2971 Quebec inc.;1;SOUTERRAIN;INDUSTRIEL;75000;326;0.08;1;1;12;Plastiques Cascades - Re-Plast , une division de Cascades Canada ULC.;45.99014;-72.38938;2009;2011;;;;;
221;45.990813;-72.389117;55206312-3;# 3;Produits Re-plast 9309-2971 Quebec inc.;1;SOUTERRAIN;INDUSTRIEL;75000;326;0.08;1;1;12;;;;;;;;;;
222;46.105767;-71.898883;55393367-1;lac artificiel (pompe a essence);Club de golf Laurier inc.;0;SURFACE;COMMERCIAL;0;713;0.9;1;4;10;Club de golf Laurier inc.;46.10577;-71.89888;2011;2011;;;;;
223;46.112783;-71.89905;55393367-2;lac artificiel (pompe electrique);Club de golf Laurier inc.;1;SURFACE;COMMERCIAL;379000;713;0.9;1;4;10;Club de golf Laurier inc.;46.11278;-71.89905;2011;2019;;;;;
224;45.854995;-72.070951;90061136-2;Pompe parc Marie-Victorin;Parc Marie-Victorin inc.;1;SURFACE;COMMERCIAL;75000;713;0.9;1;4;10;;;;;;;;;;
225;45.858035;-72.076943;90061136-4;Pompe jardin des cascades;Parc Marie-Victorin inc.;1;SURFACE;COMMERCIAL;75000;713;0.9;1;4;10;;;;;;;;;;
226;45.972912;-72.382704;90200569-1;Bon-Conseil;Carrieres PCM inc. Carriere - lot 4 647 159 Notre-Dame-du-Bon-Conseil;1;SURFACE;INDUSTRIEL;379000;212;0.1;1;4;10;Carrieres PCM (1994)   Carriere - lots P-321, P-322 et P-324  Notre-Dame-du-Bon-Conseil;45.97291;-72.3827;2014;2014;;;;;1
227;45.92831;-72.409575;90362112-4;St-Cyrille;Carrieres PCM (1994) inc. 460 rg 4, lots 2B, 3A, 3B, 3C, 4A St-Cyrille-de-Wendover;1;SOUTERRAIN;INDUSTRIEL;379000;212;0.1;1;4;10;Carrieres PCM (1994) inc. 460 rg 4, lots 2B, 3A, 3B, 3C, 4A St-Cyrille-de-Wendover;45.92831;-72.40958;2010;2019;;;;;
228;46.061374;-71.702247;90391723-16;bassin;Les Carrieres Saint-Ferdinand inc. Carriere Lot 58, Chester-Est;1;SURFACE;INDUSTRIEL;75000;212;0.1;1;4;10;;;;;;;;;;1
229;45.980741;-71.925629;90436171-2;Warwick;Carrieres P.C.M. inc., carriere lot 4 904 848, Warwick;1;SOUTERRAIN;INDUSTRIEL;75000;212;0.1;1;4;10;;;;;;;;;;
230;45.882434;-72.351063;90451873-1;prise d'eau c.d. br.sud, lot 16, rg 4;Canneberges L & S societe en commandite;1;SURFACE;AGRICOLE;75000;111;0.9;0;9;10;;;;;;;;;;
231;46.029524;-71.931647;90453440-1;1 puits de surface < 50m3/jours;Transby inc.;1;SOUTERRAIN;COMMERCIAL;75000;484;0.1;1;1;12;;;;;;;;;;
232;45.772011;-71.836826;90462706-1;Dame;Station piscicole Marco-Blanchet - Station piscicole Trois-Lacs inc.;1;SURFACE;AGRICOLE;379000;112;0.05;1;1;12;;;;;;;;;;1
233;45.772011;-71.836826;90462706-2;Ruisseau;Station piscicole Marco-Blanchet - Station piscicole Trois-Lacs inc.;1;SURFACE;AGRICOLE;379000;112;0.05;1;1;12;;;;;;;;;;1
234;45.77313;-71.837312;90462706-3;Puits Artesiens 1;Station piscicole Marco-Blanchet - Station piscicole Trois-Lacs inc.;1;SOUTERRAIN;AGRICOLE;379000;112;0.05;1;1;12;;;;;;;;;;
235;45.77313;-71.837312;90462706-4;Puits Artesiens 2;Station piscicole Marco-Blanchet - Station piscicole Trois-Lacs inc.;1;SOUTERRAIN;AGRICOLE;379000;112;0.05;1;1;12;;;;;;;;;;
236;45.773727;-71.837617;90462706-5;seuil deversoir;Station piscicole Marco-Blanchet - Station piscicole Trois-Lacs inc.;1;SURFACE;AGRICOLE;75000;112;0.05;1;1;12;Station piscicole Marco-Blanchet - Station piscicole Trois-Lacs inc.;45.77373;-71.83762;2015;2019;;;;;1
237;46.054776;-72.010949;90477381-1;Interieur du batiment;Immeubles Victo inc.;1;SOUTERRAIN;COMMERCIAL;75000;531;0.1;1;1;12;;;;;;;;;;
238;45.998444;-72.451655;90560947-6;Lac artificiel;Les cultures de Chez Nous inc., lot 393;1;SURFACE;AGRICOLE;379000;111;0.9;0;1;12;Les cultures de Chez Nous inc.. lot 393;45.99844;-72.45166;2020;2020;;;;1;
239;46.005779;-72.445456;90560947-7;Prise d'eau riviere des saults;Les cultures de Chez Nous inc., lot 393;1;SURFACE;AGRICOLE;379000;111;0.9;0;1;12;Les cultures de Chez Nous inc., lot 393;46.00578;-72.44546;2020;2020;;;;1;
240;46.008491;-72.439013;90560947-8;Usine de lavage;Les cultures de Chez Nous inc., lot 393;1;SOUTERRAIN;AGRICOLE;75000;111;0.9;0;1;12;;;;;;;;;1;
241;45.857488;-72.076114;X1700119-4;Riviere Nicolet Sud-Ouest;Cascades Emballage carton-caisse - Kingsey Falls, une division de Cascades Canada ULC;1;SURFACE;INDUSTRIEL;379000;322;0.1;1;1;12;Cascades Emballage carton-caisse, une division de Cascades Canada ULC;45.85749;-72.07611;2009;2019;;;;;1
242;46.039447;-72.014878;X1700185-1;puits tubulaire = toilette seulement;Jerome Heon;1;SOUTERRAIN;COMMERCIAL;75000;531;0.1;1;1;12;;;;;;;;;;
243;46.073779;-72.272097;X2000449-1;1 puits tubulaire;9155-8932 Quebec inc.;1;SOUTERRAIN;INDUSTRIEL;75000;320;0.2;1;1;12;;;;;;;;;;
244;46.0265;-72.4919;X2000483-1;1 puits tubulaire;Machinerie Lepine Inc.;1;SOUTERRAIN;INDUSTRIEL;75000;484;0.1;1;1;12;;;;;;;;;;
245;46.034301;-72.112174;X2015440-1;St-Valere;Carrieres PCM (1994) inc. Saint-Valere, 1200 rang Landry, Lot P-458 Saint-Valere;1;SOUTERRAIN;INDUSTRIEL;379000;212;0.1;1;4;10;Carrieres PCM (1994) inc. Saint-Valere, 1200 rang Landry, Lot P-458  Saint-Valere;46.0343;-72.11217;2013;2014;;;;;
246;46.075853;-71.927667;X2015552-1;1 puits tubulaire;Miel Labonte inc.;1;SOUTERRAIN;AGRICOLE;75000;111;0.2;1;1;12;;;;;;;;;1;
247;46.082897;-71.933428;X2016456-1;1 puits tubulaire;Garage Andre Savoie inc.;1;SOUTERRAIN;INDUSTRIEL;75000;531;0.1;1;1;12;;;;;;;;;;
248;45.80945;-72.00031;X2017313-1;element de mesure de debit/effluent;Yan Mongrain;1;SURFACE;AGRICOLE;379000;112;0.05;1;1;12;Yan Mongrain;45.80945;-72.00031;2018;2019;;;;;1
249;45.967533;-71.755849;X2017429-1;2;Pisciculture d'Arthabaska inc.;1;SOUTERRAIN;AGRICOLE;75000;112;0.05;1;1;12;Pisciculture d'Arthabaska inc.;45.96753;-71.75585;2016;2019;;;;;
250;45.968467;-71.755168;X2017429-2;5;Pisciculture d'Arthabaska inc.;1;SOUTERRAIN;AGRICOLE;75000;112;0.05;1;1;12;Pisciculture d'Arthabaska inc.;45.96847;-71.75517;2016;2019;;;;;
251;45.968439;-71.754603;X2017429-3;Ruisseau;Pisciculture d'Arthabaska inc.;1;SURFACE;AGRICOLE;379000;112;0.05;1;1;12;Pisciculture d'Arthabaska inc.;45.96844;-71.7546;2016;2019;;;;;1
252;46.037739;-72.008992;X2017459-1;1 puits tubulaire;Jean-Claude Houle;1;SOUTERRAIN;INDUSTRIEL;75000;531;0.1;1;1;12;;;;;;;;;;
253;46.112808;-72.159263;X2025794-1;Reservoir 3a;Canneberges centre du Quebec inc.;1;SURFACE;AGRICOLE;379000;111;0.9;0;9;10;;;;;;;;;;
254;46.113099;-72.156438;X2025794-2;Reservoir 3b;Canneberges centre du Quebec inc.;1;SURFACE;AGRICOLE;379000;111;0.9;0;9;10;;;;;;;;;;
255;45.985455;-72.389935;X2045105-1;;Lambert et Grenier Inc.;1;SOUTERRAIN;COMMERCIAL;75000;238;1;1;1;12;;;;;;;;;;
256;45.931208;-71.960353;X2060522-1;;Station du Mont Gleason inc.;1;SURFACE;COMMERCIAL;75000;713;0.1;1;11;1;Station du Mont Gleason inc.;45.93121;-71.96035;2009;2019;;;;;1
257;45.930998;-71.956226;X2060522-2;;Station du Mont Gleason inc.;1;SOUTERRAIN;COMMERCIAL;75000;713;0.1;1;11;1;Station du Mont Gleason inc.;45.931;-71.95623;2009;2009;;;;;
258;45.932728;-71.9544;X2060522-3;;Station du Mont Gleason inc.;1;SOUTERRAIN;COMMERCIAL;75000;713;0.1;1;11;1;Station du Mont Gleason inc.;45.93273;-71.9544;2009;2009;;;;;
259;45.936033;-71.972742;X2060522-4;;Station du Mont Gleason inc.;1;SURFACE;COMMERCIAL;379000;713;0.1;1;11;1;Station du Mont Gleason inc.;45.93603;-71.97274;2013;2019;;;;;1
260;45.996778;-71.950806;X2070968-1;;Pisciculture Gilles Laroche;1;SURFACE;AGRICOLE;379000;112;0.05;1;1;12;;;;;;;;;;1
261;46.154547;-72.500527;X2073792-1;;Pinard et Frere Jardinier inc.;1;SOUTERRAIN;AGRICOLE;75000;111;0.9;1;1;12;;;;;;;;;1;
262;45.880063;-72.320592;X2076121-6;;Canneberges Drummond Cranberries inc.;1;SURFACE;AGRICOLE;379000;111;0.9;0;9;10;Canneberges Drummond Cranberries inc.;45.88006;-72.32059;2015;2017;;;;;1
263;46.092793;-72.357053;X2076155-4;;Les Fermes Tri-Jardins inc.;1;SURFACE;AGRICOLE;379000;111;0.9;0;7;8;pompe mobile;46.09279;-72.35705;2017;2019;;;;1;1
264;46.060445;-72.477525;X2090990-1;;Fromagerie Pampille et Barbichette;0;SOUTERRAIN;INDUSTRIEL;0;311;0.2;1;1;12;;;;;;;;;;
265;46.172373;-71.832093;X2094090-1;;Transport Bernard Marcoux inc.;1;SOUTERRAIN;COMMERCIAL;75000;484;0.1;1;1;12;;;;;;;;;;
266;46.132729;-71.774753;X2096310-1;;Rose mignon inc.;1;SOUTERRAIN;INDUSTRIEL;75000;445;0.2;1;1;12;;;;;;;;;;
267;45.748397;-71.961757;X2102558-2;;9190-4805 Quebec Inc. Carriere Mine Jeffrey, lot 7D, rang 4;0;SOUTERRAIN;INDUSTRIEL;0;212;0.1;1;1;12;;;;;;;;;;
268;45.947721;-72.150593;X2104189-3;;Les canneberges Dion inc.;1;SURFACE;AGRICOLE;75000;111;0.9;0;9;10;;;;;;;;;;
269;45.946281;-72.147914;X2104189-4;;Les canneberges Dion inc.;1;SURFACE;AGRICOLE;75000;111;0.9;0;9;10;;;;;;;;;;
270;45.946513;-72.164904;X2104189-5;;Les canneberges Dion inc.;1;SURFACE;AGRICOLE;75000;111;0.9;0;9;10;;;;;;;;;;
271;45.875207;-72.179277;X2108769-2;;La cannebergiere Nathaniel (2017) inc;1;SURFACE;AGRICOLE;379000;111;0.9;0;9;10;La cannebergiere Nathaniel (2017) inc;45.87521;-72.17928;2019;2020;;;;1;1
272;45.876893;-72.16907;X2108769-3;;La cannebergiere Nathaniel (2017) inc;1;SURFACE;AGRICOLE;379000;111;0.9;0;9;10;La Cannebergiere Nathaniel (2017) inc.;45.87694;-72.16917;2019;2020;;;;1;1
273;45.874942;-72.170154;X2108769-4;;La cannebergiere Nathaniel (2017) inc;0;SURFACE;AGRICOLE;0;111;0.9;0;9;10;;;;;;;;;;
274;45.867723;-71.697325;X2111043-1;;Les plantations ideales enr.;1;SURFACE;AGRICOLE;75000;111;0.8;0;6;10;;;;;;;;;;
275;45.901537;-71.72158;X2115375-2;;Excavation Marquis-Tardif inc. Sabliere, rang 2 lot 20D-P et 21-A-P a Notre-Dame-de-Ham;1;SOUTERRAIN;INDUSTRIEL;379000;212;0.1;1;6;11;Excavation Marquis-Tardif inc. Sabliere, rang 2 lot 20D-P et 21-A-P a Notre-Dame-de-Ham;45.90154;-71.72158;2014;2019;;;;;
276;45.784916;-71.879365;X2115700-1;;Eau de source Diva;1;SOUTERRAIN;INDUSTRIEL;379000;312;1;1;1;12;Eau de source Diva;45.78492;-71.87937;2014;2019;;;;;
277;45.857478;-72.30823;X2134186-1;;R. Guilbeault Construction inc.  (section NE du lot 23-P);1;SURFACE;INDUSTRIEL;379000;212;0.1;1;1;12;R. Guilbeault Construction inc.  (section NE du lot 23-P);45.85748;-72.30823;2014;2019;;;;;1
278;45.955701;-72.192749;X2137461-2;;Groupe Ataca inc.;1;SURFACE;AGRICOLE;379000;111;0.9;0;9;10;Groupe Ataca inc.;45.9557;-72.19275;2015;2019;;;;1;1
279;46.090032;-71.931502;X2147480-2;;Sural Quebec inc., Victoriaville;1;SOUTERRAIN;INDUSTRIEL;379000;331;0.15;1;1;12;Sural Quebec inc., Victoriaville;46.09003;-71.9315;2014;2019;;;;;
280;46.059513;-71.915801;X2170503-1;;Les Allees Champs (Joanie Desrochers);1;SURFACE;AGRICOLE;379000;111;0.9;0;5;10;;;;;;;;;;
281;46.004463;-72.463939;X2181152-1;;Les pommes de terre Cardinal inc.;1;SOUTERRAIN;AGRICOLE;75000;111;0.9;0;6;9;Les pommes de terre cardinal inc.;46.00441;-72.46423;2020;2020;;;;1;
282;45.9668;-71.7573;X2017429-0;0;Pisciculture d'Arthabaska inc.;0;SOUTERRAIN;AGRICOLE;0;112;0.05;1;1;12;Pisciculture d'Arthabaska inc.;45.96677;-71.7573;2015;2015;;;;;
283;45.9833;-72.3333;X0008898-0;AUTRE;Station de purification Notre-Dame-du-Bon-Cons. (aut.trait);0;SOUTERRAIN;MUNICIPAL;0;221;1;1;1;12;Station de purification Notre-Dame-du-Bon-Cons. (aut.trait);45.98333;-72.33333;2012;2012;;;;;
284;45.95;-71.9829;X0000000-1;Saputo Produits Laitiers Canada S.E.N.C.;Usine de Warwick;0;SOUTERRAIN;INDUSTRIEL;0;311;0.2;1;1;12;Usine de Warwick;45.95003;-71.98288;2011;2011;;;;;
285;46.0621;-72.4871;X0009231-0;Paroisse de Sainte-Perpetue;Station de purification Sainte-Perpetue (aut.trai.);0;SOUTERRAIN;MUNICIPAL;0;221;1;1;1;12;Installation de production Sainte-Perpetue;46.06214;-72.48716;2010;2010;;;;;
286;46.0637;-72.4853;X0009231-1;Paroisse de Sainte-Perpetue;Station de purification Sainte-Perpetue (aut.trai.);0;SOUTERRAIN;MUNICIPAL;0;221;1;1;1;12;Station de purification Sainte-Perpetue (aut.trai.);46.06373;-72.48535;2009;2009;;;;;
287;46.0113;-72.3365;X0000000-2;Agropur cooperative;Agropur cooperativeUsine de Notre-Dame-du-Bon-Conseil;0;SURFACE;INDUSTRIEL;0;311;0.2;1;1;12;Agropur cooperativeUsine de Notre-Dame-du-Bon-Conseil;46.01133;-72.33647;2009;2009;;;;;1
288;46.1031;-72.3733;X0011346-0;Municipalite de Saint-Leonard-d'Aston;Station de purification Saint-Leonard-d'Aston (aut. trait.);0;SOUTERRAIN;MUNICIPAL;0;221;1;1;1;12;Station de purification Saint-Leonard-d'Aston (aut. trait.);46.10308;-72.37326;2009;2009;;;;;
289;46.1333;-71.9667;X0000000-3;Carrieres P.C.M. inc.;Carrieres PCM inc. lots 23B-p, 24A-p et 24B-p, Princeville;1;SURFACE;INDUSTRIEL;379000;212;0.1;1;4;10;Carrieres PCM inc. lots 23B-p, 24A-p et 24B-p, Princeville;46.13333;-71.96667;2016;2018;;;;;1
290;46.106709;-72.257702;X0009391-2;Puits 1 Sainte-Eulalie No approvisionnement: 68684;site de prelevement d'eau;1;SOUTERRAIN;MUNICIPAL;379000;221;1;1;1;12;Station de purification Sainte-Eulalie (post.chl.);46.10671;-72.2577;2011;2020;;;;;
291;46.107034;-72.258177;X0009391-3;Puits 3 Sainte-Eulalie;site de prelevement d'eau;1;SOUTERRAIN;MUNICIPAL;379000;221;1;1;1;12;Station de purification Sainte-Eulalie (post.chl.);46.10703;-72.25818;2018;2020;;;;;
292;46.106996;-72.2582;X0009391-1;Puits 2 Sainte-Eulalie No approvisionnement:4911;site de prelevement d'eau;0;SOUTERRAIN;MUNICIPAL;379000;221;1;1;1;12;Station de purification Sainte-Eulalie (post.chl.);46.107;-72.2582;2011;2018;;;;;
293;45.877772;-72.323581;X2076121-10;BLOC D;site de prelevement d'eau;1;SURFACE;AGRICOLE;379000;111;0.1;0;9;10;Canneberges Drummond Cranberries inc.;45.87777;-72.32358;2020;2020;;;;;
294;46.10586;-72.25817;X0000000-4;Municipalite de Sainte-Eulalie;Station de purification Sainte-Eulalie (post.chl.);0;SOUTERRAIN;MUNICIPAL;379000;221;1;1;1;12;Station de purification Sainte-Eulalie (post.chl.);46.10586;-72.25817;2009;2010;;;;;
295;46.10711;-72.25831;X0000000-5;Municipalite de Sainte-Eulalie;Station de purification Sainte-Eulalie (post.chl.);0;SOUTERRAIN;MUNICIPAL;379000;221;1;1;1;12;Station de purification Sainte-Eulalie (post.chl.);46.10711;-72.25831;2009;2010;;;;;
297;46.00261;-72.08313;X0000000-6;FERME LANDRYNOISE INC.;Ferme Landrynoise inc., bovin laitier, lot 791;1;SOUTERRAIN;AGRICOLE;379000;111;0.8;1;1;12;Ferme Landrynoise inc., bovin laitier, lot 791;46.00261;-72.08313;2022;2022;Ferme Landrynoise inc., bovin laitier, lot 791;46.00208;-72.08099;;
298;46.00337;-72.08452;X0000000-7;FERME LANDRYNOISE INC.;Ferme Landrynoise inc. - 5 181 251;1;SURFACE;AGRICOLE;379000;111;0.8;1;1;12;Ferme Landrynoise inc. - 5 181 251;46.00337;-72.08452;2022;2022;Ferme Landrynoise inc., bovin laitier, lot 790;46.00276;-72.0774;;
299;46.08894;-72.20651;X0000000-8;BETON 34 INC.;Beton 34 inc.;1;SOUTERRAIN;INDUSTRIEL;379000;320;0.9;1;1;12;Beton 34 inc.;46.08894;-72.20651;2024;2024;;;;;
300;46.06389;-72.09194;X0000000-9;9263-1266 QUEBEC INC.;9263-1266 Quebec inc.;1;SURFACE;INDUSTRIEL;379000;212;0.1;1;10;12;9263-1266 Quebec inc.;46.06389;-72.09194;2023;2024;;;;;1
301;46.06092;-72.00913;X0000000-10;LES GAZONS STE-JULIE LTEE;Les Gazons Ste-Julie ltee, Arthabaska;1;SURFACE;AGRICOLE;379000;111;0.9;1;5;8;Les Gazons Ste-Julie ltee, Arthabaska;46.06092;-72.00913;2022;2023;;;;;
