RESUMER ZONES HYDROTEL VERSION;4.1.4.0000

UHRH ID; TYPE; ALTITUDE MOYENNE (m); PENTE MOYENNE; ORIENTATION MOYENNE; NB PIXEL; SUPERFICIE (km2); LONGITUDE; LATITUDE
1;SOUS-BASSIN;82.296577;0.024750;3;934;2.335000;-72.31474;46.05018
2;SOUS-BASSIN;77.754784;0.041056;6;575;1.437500;-72.30631;46.06322
3;SOUS-BASSIN;80.112320;0.018376;4;276;0.690000;-72.28925;46.05239
4;SOUS-BASSIN;78.821274;0.026592;7;235;0.587500;-72.29654;46.05780
5;SOUS-BASSIN;86.156754;0.011852;5;2673;6.682500;-72.27886;46.06803
6;SOUS-BASSIN;87.992188;0.022419;3;4480;11.200000;-72.29168;46.03385
7;SOUS-BASSIN;86.033791;0.022053;7;3048;7.620000;-72.26146;46.05857
8;SOUS-BASSIN;88.829208;0.014308;4;4485;11.212500;-72.21397;46.01471
9;SOUS-BASSIN;79.699112;0.033331;7;452;1.130000;-72.24427;46.04909
10;SOUS-BASSIN;82.879967;0.012133;5;2241;5.602500;-72.21183;46.04862
11;SOUS-BASSIN;89.513329;0.018603;8;3339;8.347500;-72.23297;46.07184
12;SOUS-BASSIN;82.295181;0.020184;5;166;0.415000;-72.20531;46.07114
13;SOUS-BASSIN;89.248497;0.014076;1;664;1.660000;-72.22259;46.08107
14;SOUS-BASSIN;95.370049;0.009527;8;3913;9.782500;-72.21058;46.10123
15;SOUS-BASSIN;79.250000;0.033472;1;12;0.030000;-72.20740;46.07705
16;SOUS-BASSIN;93.452438;0.008558;8;778;1.945000;-72.22402;46.08918
17;SOUS-BASSIN;88.170227;0.017890;4;1733;4.332500;-72.17380;46.07637
18;SOUS-BASSIN;93.258018;0.014109;6;5864;14.660000;-72.17270;46.10460
19;SOUS-BASSIN;96.582191;0.034814;4;438;1.095000;-72.15561;46.08213
20;SOUS-BASSIN;97.890083;0.025954;6;1301;3.252500;-72.15236;46.09165
21;SOUS-BASSIN;102.489113;0.030575;1;689;1.722500;-72.14312;46.07144
22;SOUS-BASSIN;101.068626;0.040381;6;510;1.275000;-72.13643;46.08071
23;SOUS-BASSIN;98.444313;0.008342;4;835;2.087500;-72.10944;46.07635
24;SOUS-BASSIN;103.762085;0.011274;8;3909;9.772500;-72.11287;46.09140
25;SOUS-BASSIN;100.489433;0.009415;3;852;2.130000;-72.08436;46.07748
26;SOUS-BASSIN;101.304810;0.008187;7;187;0.467500;-72.08494;46.08625
27;SOUS-BASSIN;115.165779;0.012247;5;7528;18.820000;-72.03420;46.09534
28;SOUS-BASSIN;103.875191;0.007492;8;3237;8.092500;-72.07595;46.10786
29;SOUS-BASSIN;109.125511;0.008063;5;1219;3.047500;-72.03560;46.11576
30;SOUS-BASSIN;108.643158;0.007159;7;2354;5.885000;-72.04762;46.12993
31;SOUS-BASSIN;111.409088;0.007363;3;44;0.110000;-72.02994;46.12389
32;SOUS-BASSIN;113.649574;0.006220;5;702;1.755000;-72.01719;46.13073
33;SOUS-BASSIN;133.321823;0.013963;5;5792;14.480000;-71.98521;46.12124
34;SOUS-BASSIN;106.640266;0.015585;4;5543;13.857500;-72.12240;46.04410
35;SOUS-BASSIN;96.312965;0.026885;6;933;2.332500;-72.11263;46.06817
36;SOUS-BASSIN;109.624474;0.015014;4;711;1.777500;-72.08249;46.05544
37;SOUS-BASSIN;99.984673;0.015691;7;522;1.305000;-72.09177;46.06686
38;SOUS-BASSIN;116.613380;0.028266;4;1226;3.065000;-72.06642;46.06279
39;SOUS-BASSIN;102.044151;0.023714;7;838;2.095000;-72.07033;46.07310
40;SOUS-BASSIN;125.413445;0.015742;2;2588;6.470000;-72.03088;46.05918
41;SOUS-BASSIN;125.095932;0.020556;6;2116;5.290000;-72.02299;46.07219
42;SOUS-BASSIN;129.795120;0.010637;5;1269;3.172500;-71.99037;46.06121
43;SOUS-BASSIN;135.196625;0.013303;8;2314;5.785000;-71.99381;46.08436
44;SOUS-BASSIN;130.236115;0.018422;2;72;0.180000;-71.99170;46.07039
45;SOUS-BASSIN;128.843536;0.010888;6;147;0.367500;-71.98711;46.07557
46;SOUS-BASSIN;130.839371;0.012758;3;193;0.482500;-71.98501;46.06799
47;SOUS-BASSIN;128.333328;0.013052;7;141;0.352500;-71.98322;46.07277
48;LAC;128.241470;0.011103;5;352;0.880000;-71.97131;46.07178
49;SOUS-BASSIN;136.560287;0.010532;7;1410;3.525000;-71.97299;46.08831
50;SOUS-BASSIN;139.543655;0.014409;5;2279;5.697500;-71.94950;46.06984
51;SOUS-BASSIN;150.708420;0.014451;5;10419;26.047501;-71.88974;46.10990
52;SOUS-BASSIN;131.850388;0.021391;8;127;0.317500;-71.96384;46.08137
53;SOUS-BASSIN;135.767670;0.017905;5;99;0.247500;-71.95574;46.08704
54;SOUS-BASSIN;136.370789;0.018410;8;267;0.667500;-71.96130;46.09087
55;SOUS-BASSIN;139.465408;0.025983;4;159;0.397500;-71.94828;46.09562
56;SOUS-BASSIN;145.104126;0.019091;8;922;2.305000;-71.96000;46.10201
57;SOUS-BASSIN;140.533340;0.017899;5;285;0.712500;-71.93788;46.10632
58;SOUS-BASSIN;148.197952;0.017028;8;1364;3.410000;-71.94763;46.11289
59;SOUS-BASSIN;142.732880;0.014429;4;745;1.862500;-71.92083;46.11496
60;SOUS-BASSIN;149.915192;0.020141;8;731;1.827500;-71.93140;46.12449
61;SOUS-BASSIN;146.625000;0.024050;4;192;0.480000;-71.91077;46.12068
62;SOUS-BASSIN;148.590652;0.016837;8;535;1.337500;-71.91819;46.12997
63;SOUS-BASSIN;148.520462;0.035268;4;171;0.427500;-71.90323;46.12549
64;SOUS-BASSIN;152.000000;0.016947;7;992;2.480000;-71.90733;46.13642
65;SOUS-BASSIN;150.041733;0.018419;4;647;1.617500;-71.88200;46.13206
66;SOUS-BASSIN;160.085648;0.016238;7;3853;9.632500;-71.87483;46.15574
67;SOUS-BASSIN;152.506104;0.016725;4;573;1.432500;-71.86111;46.14234
68;SOUS-BASSIN;154.380951;0.020768;7;567;1.417500;-71.86407;46.15327
69;SOUS-BASSIN;154.423996;0.034524;5;125;0.312500;-71.85500;46.14999
70;SOUS-BASSIN;151.531250;0.038638;1;96;0.240000;-71.85970;46.15252
71;SOUS-BASSIN;156.478867;0.045820;3;71;0.177500;-71.85208;46.15280
72;SOUS-BASSIN;155.207550;0.036138;7;159;0.397500;-71.85491;46.15808
73;SOUS-BASSIN;156.285721;0.048411;4;28;0.070000;-71.84825;46.15477
74;SOUS-BASSIN;163.936172;0.019407;7;423;1.057500;-71.84845;46.16579
75;SOUS-BASSIN;154.307693;0.080775;2;39;0.097500;-71.84519;46.15469
76;SOUS-BASSIN;172.222900;0.014934;7;5940;14.850000;-71.81882;46.17804
77;SOUS-BASSIN;157.437500;0.062453;8;32;0.080000;-71.84622;46.15219
78;SOUS-BASSIN;148.702698;0.056456;4;37;0.092500;-71.84345;46.15067
79;SOUS-BASSIN;155.368423;0.028298;3;323;0.807500;-71.84767;46.14326
80;SOUS-BASSIN;148.693542;0.045906;5;62;0.155000;-71.84462;46.14754
81;SOUS-BASSIN;160.058136;0.018750;3;602;1.505000;-71.83135;46.13896
82;SOUS-BASSIN;178.879669;0.022588;5;3881;9.702500;-71.80012;46.15505
83;SOUS-BASSIN;161.083328;0.031225;4;48;0.120000;-71.82160;46.14062
84;SOUS-BASSIN;159.586670;0.018712;7;75;0.187500;-71.82316;46.14426
85;SOUS-BASSIN;205.565918;0.056877;3;2564;6.410000;-71.79800;46.12371
86;SOUS-BASSIN;220.840179;0.069080;5;4361;10.902500;-71.76737;46.13801
87;SOUS-BASSIN;205.892853;0.075086;3;784;1.960000;-71.77897;46.12273
88;SOUS-BASSIN;182.042786;0.060401;6;187;0.467500;-71.76825;46.13140
89;SOUS-BASSIN;180.448273;0.070925;2;29;0.072500;-71.76666;46.12704
90;SOUS-BASSIN;236.760803;0.109797;5;301;0.752500;-71.75463;46.12718
91;SOUS-BASSIN;256.503845;0.114500;2;2078;5.195000;-71.78049;46.10075
92;SOUS-BASSIN;242.524048;0.128916;5;1580;3.950000;-71.76036;46.11293
93;SOUS-BASSIN;373.636810;0.127087;4;5581;13.952500;-71.69920;46.10730
94;SOUS-BASSIN;324.930267;0.121791;7;2882;7.205000;-71.73278;46.11586
95;SOUS-BASSIN;399.580170;0.118166;6;1603;4.007500;-71.69977;46.12243
96;SOUS-BASSIN;277.429688;0.152459;2;1529;3.822500;-71.77447;46.07997
97;SOUS-BASSIN;229.048721;0.098064;5;821;2.052500;-71.75706;46.08875
98;SOUS-BASSIN;288.026062;0.142686;3;1611;4.027500;-71.73487;46.06668
99;SOUS-BASSIN;317.694519;0.118777;6;3732;9.330000;-71.72351;46.08421
100;SOUS-BASSIN;429.824493;0.101786;5;4570;11.425000;-71.65899;46.06965
101;SOUS-BASSIN;332.166473;0.146135;7;877;2.192500;-71.70257;46.07196
102;SOUS-BASSIN;413.162109;0.092275;7;2017;5.042500;-71.67796;46.08843
103;SOUS-BASSIN;403.990143;0.135813;1;304;0.760000;-71.69576;46.08010
104;SOUS-BASSIN;449.842560;0.094615;6;235;0.587500;-71.69676;46.08947
105;SOUS-BASSIN;336.948029;0.150795;2;2078;5.195000;-71.70897;46.04728
106;SOUS-BASSIN;295.726013;0.113676;6;1146;2.865000;-71.69226;46.05819
107;SOUS-BASSIN;282.210724;0.115184;2;261;0.652500;-71.68768;46.04345
108;SOUS-BASSIN;355.273315;0.132611;6;772;1.930000;-71.67576;46.05207
109;SOUS-BASSIN;391.731812;0.116867;2;2487;6.217500;-71.68971;46.02733
110;SOUS-BASSIN;407.547302;0.129351;6;2728;6.820000;-71.65814;46.04493
111;SOUS-BASSIN;338.386108;0.127178;2;461;1.152500;-71.67131;46.02151
112;SOUS-BASSIN;327.972443;0.150913;5;363;0.907500;-71.65955;46.02861
113;SOUS-BASSIN;358.367645;0.110598;2;136;0.340000;-71.66832;46.01709
114;SOUS-BASSIN;308.851074;0.144364;6;94;0.235000;-71.65731;46.02405
115;SOUS-BASSIN;412.216431;0.108302;2;2860;7.150000;-71.67359;46.00669
116;SOUS-BASSIN;418.799805;0.093630;6;5819;14.547500;-71.63129;46.02439
117;SOUS-BASSIN;414.819153;0.094144;1;1609;4.022500;-71.66414;45.99357
118;SOUS-BASSIN;362.533081;0.085615;5;529;1.322500;-71.63991;45.98923
119;SOUS-BASSIN;442.040344;0.083862;8;2380;5.950000;-71.68022;45.98215
120;SOUS-BASSIN;425.140900;0.083787;3;1469;3.672500;-71.65163;45.97185
121;SOUS-BASSIN;402.734131;0.074807;2;252;0.630000;-71.67269;45.96761
122;SOUS-BASSIN;419.625854;0.094291;5;433;1.082500;-71.66283;45.96730
123;SOUS-BASSIN;435.885895;0.075153;2;1902;4.755000;-71.67041;45.95625
124;SOUS-BASSIN;410.528015;0.105010;3;250;0.625000;-71.64123;45.97518
125;SOUS-BASSIN;408.111969;0.104975;5;384;0.960000;-71.63517;45.97961
126;SOUS-BASSIN;490.231201;0.090637;4;1821;4.552500;-71.62425;45.96355
127;SOUS-BASSIN;357.275146;0.115027;3;378;0.945000;-71.63326;45.99352
128;SOUS-BASSIN;456.868774;0.081230;6;3429;8.572500;-71.60571;46.00503
129;SOUS-BASSIN;422.242889;0.121419;2;1408;3.520000;-71.61464;45.97827
130;SOUS-BASSIN;467.740753;0.113093;6;3356;8.390000;-71.59106;45.98605
131;SOUS-BASSIN;483.201294;0.101193;2;2648;6.620000;-71.59415;45.95446
132;SOUS-BASSIN;494.767792;0.074089;6;3600;9.000000;-71.56640;45.96893
133;SOUS-BASSIN;447.599426;0.058619;3;342;0.855000;-71.57117;45.94739
134;SOUS-BASSIN;352.708038;0.105153;2;7665;19.162500;-71.76333;46.03897
135;SOUS-BASSIN;346.705139;0.112677;5;4904;12.260000;-71.73560;46.04422
136;SOUS-BASSIN;442.591766;0.102591;5;5323;13.307500;-71.71782;45.99900
137;SOUS-BASSIN;99.666664;0.020278;1;9;0.022500;-72.10222;46.06224
138;SOUS-BASSIN;99.942307;0.010288;4;52;0.130000;-72.09974;46.06111
139;SOUS-BASSIN;119.919258;0.010905;5;5796;14.490000;-72.06765;46.04361
140;SOUS-BASSIN;84.225426;0.009033;4;1109;2.772500;-72.19597;46.05735
141;SOUS-BASSIN;85.021782;0.014033;6;1010;2.525000;-72.18774;46.06866
142;SOUS-BASSIN;86.593887;0.006928;1;229;0.572500;-72.18539;46.05384
143;SOUS-BASSIN;94.555069;0.010462;5;3641;9.102500;-72.16366;46.05318
144;SOUS-BASSIN;87.603317;0.005947;2;542;1.355000;-72.19068;46.03071
145;SOUS-BASSIN;100.077209;0.011519;5;5103;12.757500;-72.15763;46.02542
146;SOUS-BASSIN;99.284004;0.011102;4;1838;4.595000;-72.17656;46.01073
147;SOUS-BASSIN;80.176468;0.019119;4;17;0.042500;-72.22981;46.04241
148;SOUS-BASSIN;78.521736;0.035436;6;23;0.057500;-72.23127;46.04410
149;SOUS-BASSIN;84.625786;0.006901;5;2544;6.360000;-72.20815;46.02726
150;SOUS-BASSIN;86.355721;0.021679;2;1712;4.280000;-72.25602;46.02723
151;SOUS-BASSIN;79.983627;0.024208;5;916;2.290000;-72.24336;46.02677
152;SOUS-BASSIN;88.518845;0.015778;2;796;1.990000;-72.24859;46.00431
153;SOUS-BASSIN;86.420479;0.011381;5;1094;2.735000;-72.22567;46.00098
154;SOUS-BASSIN;90.319420;0.014885;2;551;1.377500;-72.23156;45.98868
155;SOUS-BASSIN;87.407928;0.018656;5;429;1.072500;-72.22852;45.99365
156;SOUS-BASSIN;101.549469;0.014392;3;3871;9.677500;-72.17635;45.98039
157;SOUS-BASSIN;109.913124;0.015179;7;5180;12.950000;-72.14976;45.99680
158;SOUS-BASSIN;102.666664;0.008882;4;3;0.007500;-72.11954;45.98737
159;SOUS-BASSIN;105.300003;0.043190;6;10;0.025000;-72.12028;45.98806
160;SOUS-BASSIN;116.395859;0.008517;6;917;2.292500;-72.10878;46.00780
161;SOUS-BASSIN;110.137680;0.010203;8;138;0.345000;-72.12105;45.99315
162;SOUS-BASSIN;113.256866;0.008080;7;619;1.547500;-72.11920;46.00274
163;SOUS-BASSIN;114.237686;0.013182;4;2680;6.700000;-72.07928;45.99620
164;SOUS-BASSIN;116.943680;0.013490;7;6055;15.137500;-72.07917;46.01472
165;SOUS-BASSIN;124.556747;0.016953;4;2608;6.520000;-72.01293;46.02209
166;SOUS-BASSIN;121.205757;0.018740;8;1842;4.605000;-72.02718;46.03255
167;SOUS-BASSIN;117.666664;0.022710;8;3;0.007500;-72.00667;46.03728
168;SOUS-BASSIN;119.250000;0.014573;8;4;0.010000;-72.00758;46.03726
169;SOUS-BASSIN;134.467819;0.021570;4;3574;8.935000;-71.96606;46.03862
170;SOUS-BASSIN;130.847610;0.021913;7;3104;7.760000;-71.97078;46.05074
171;SOUS-BASSIN;181.183228;0.084790;4;1610;4.025000;-71.91041;46.04895
172;SOUS-BASSIN;142.311951;0.020308;8;1372;3.430000;-71.92775;46.05647
173;SOUS-BASSIN;177.242416;0.031725;4;8176;20.440001;-71.85005;46.09840
174;SOUS-BASSIN;148.674438;0.009725;8;3133;7.832500;-71.89156;46.09455
175;SOUS-BASSIN;166.100769;0.017716;5;129;0.322500;-71.83794;46.12109
176;SOUS-BASSIN;190.143478;0.097529;4;1826;4.565000;-71.88817;46.06540
177;SOUS-BASSIN;151.113205;0.023304;7;795;1.987500;-71.89197;46.07422
178;SOUS-BASSIN;264.115906;0.098399;4;12451;31.127501;-71.82586;46.05972
179;SOUS-BASSIN;184.982681;0.061319;7;924;2.310000;-71.85139;46.08251
180;SOUS-BASSIN;230.592056;0.053988;5;1537;3.842500;-71.81494;46.09009
181;SOUS-BASSIN;155.000000;0.002500;7;1;0.002500;-71.87426;46.07813
182;SOUS-BASSIN;159.250000;0.039955;8;20;0.050000;-71.87527;46.07859
183;SOUS-BASSIN;164.000000;0.028350;7;45;0.112500;-71.87391;46.08131
184;SOUS-BASSIN;179.960052;0.092092;2;3104;7.760000;-71.92062;46.01312
185;SOUS-BASSIN;181.005615;0.117454;5;2315;5.787500;-71.91090;46.02598
186;SOUS-BASSIN;240.215256;0.093546;5;3814;9.535000;-71.85998;46.02270
187;SOUS-BASSIN;185.757141;0.108188;1;490;1.225000;-71.89399;46.01442
188;SOUS-BASSIN;225.372360;0.082538;6;4877;12.192500;-71.87364;46.03853
189;SOUS-BASSIN;209.149109;0.092654;2;2857;7.142500;-71.88005;45.98226
190;SOUS-BASSIN;202.431335;0.085732;6;3044;7.610000;-71.86622;45.99791
191;SOUS-BASSIN;326.345032;0.121501;4;2733;6.832500;-71.80838;45.99124
192;SOUS-BASSIN;301.555847;0.091764;6;8155;20.387501;-71.81604;46.01059
193;SOUS-BASSIN;419.410095;0.107343;5;1841;4.602500;-71.77444;46.01371
194;SOUS-BASSIN;251.878067;0.103521;2;3215;8.037500;-71.85491;45.95522
195;SOUS-BASSIN;275.948547;0.107772;6;4374;10.935000;-71.82019;45.97179
196;SOUS-BASSIN;227.700165;0.104656;3;627;1.567500;-71.81566;45.94520
197;SOUS-BASSIN;281.436890;0.137100;6;1355;3.387500;-71.80562;45.95848
198;SOUS-BASSIN;237.893112;0.093385;2;1235;3.087500;-71.80648;45.93416
199;SOUS-BASSIN;262.116333;0.090171;6;1917;4.792500;-71.78862;45.94674
200;SOUS-BASSIN;269.469025;0.084199;5;710;1.775000;-71.77286;45.93468
201;SOUS-BASSIN;240.582413;0.108970;7;364;0.910000;-71.77806;45.93885
202;SOUS-BASSIN;398.391998;0.110042;6;6337;15.842500;-71.75278;45.97551
203;SOUS-BASSIN;312.313141;0.072912;1;495;1.237500;-71.77743;45.95568
204;SOUS-BASSIN;398.667999;0.093278;7;2262;5.655000;-71.77863;45.98059
205;SOUS-BASSIN;292.931885;0.067114;3;323;0.807500;-71.75605;45.93776
206;SOUS-BASSIN;324.524750;0.138419;6;707;1.767500;-71.75105;45.94555
207;SOUS-BASSIN;435.797791;0.140109;5;1350;3.375000;-71.72903;45.94993
208;SOUS-BASSIN;409.463593;0.144485;7;673;1.682500;-71.73966;45.95125
209;SOUS-BASSIN;385.740753;0.107994;7;27;0.067500;-71.73501;45.95017
210;SOUS-BASSIN;293.464447;0.042390;2;211;0.527500;-71.74945;45.93192
211;SOUS-BASSIN;322.324127;0.103762;5;290;0.725000;-71.73671;45.93481
212;SOUS-BASSIN;370.129639;0.139660;5;108;0.270000;-71.73074;45.93310
213;SOUS-BASSIN;191.000000;0.082994;1;85;0.212500;-71.79168;45.92606
214;SOUS-BASSIN;243.005081;0.080431;5;590;1.475000;-71.77905;45.92656
215;SOUS-BASSIN;226.000000;0.079375;8;50;0.125000;-71.79886;45.92500
216;SOUS-BASSIN;245.853333;0.071705;2;150;0.375000;-71.79920;45.91965
217;SOUS-BASSIN;278.299072;0.055349;1;428;1.070000;-71.80827;45.92163
218;SOUS-BASSIN;239.720810;0.110543;2;1225;3.062500;-71.78870;45.91019
219;SOUS-BASSIN;249.046616;0.062201;6;2317;5.792500;-71.76525;45.91886
220;SOUS-BASSIN;307.114136;0.108811;3;3329;8.322500;-71.74999;45.88997
221;SOUS-BASSIN;264.109467;0.080162;6;2713;6.782500;-71.73903;45.91606
222;SOUS-BASSIN;332.019379;0.094004;5;826;2.065000;-71.70483;45.91712
223;SOUS-BASSIN;402.245972;0.095372;7;6814;17.035000;-71.70734;45.95025
224;SOUS-BASSIN;395.914917;0.052680;6;1046;2.615000;-71.69226;45.93345
225;SOUS-BASSIN;317.029327;0.163553;3;1875;4.687500;-71.71795;45.88934
226;SOUS-BASSIN;263.784729;0.095493;6;1900;4.750000;-71.70391;45.90199
227;SOUS-BASSIN;237.618500;0.078811;5;173;0.432500;-71.68546;45.88808
228;SOUS-BASSIN;228.590240;0.077348;7;205;0.512500;-71.69110;45.89143
229;SOUS-BASSIN;335.827637;0.104378;5;557;1.392500;-71.68109;45.90580
230;SOUS-BASSIN;357.534485;0.076570;7;1145;2.862500;-71.68386;45.91502
231;SOUS-BASSIN;381.474487;0.085373;5;196;0.490000;-71.67736;45.91333
232;SOUS-BASSIN;258.762543;0.123027;4;299;0.747500;-71.67221;45.89247
233;SOUS-BASSIN;299.086060;0.135280;7;825;2.062500;-71.67266;45.90017
234;SOUS-BASSIN;392.824036;0.090551;6;2978;7.445000;-71.64456;45.92201
235;SOUS-BASSIN;378.034973;0.085916;8;2801;7.002500;-71.66694;45.92364
236;SOUS-BASSIN;468.748016;0.091155;6;1905;4.762500;-71.64780;45.94782
237;SOUS-BASSIN;310.874695;0.088798;3;1269;3.172500;-71.64205;45.88600
238;SOUS-BASSIN;311.916656;0.059583;6;1644;4.110000;-71.63666;45.89902
239;SOUS-BASSIN;415.754578;0.085471;6;3545;8.862500;-71.60581;45.92496
240;SOUS-BASSIN;403.817291;0.077315;8;2616;6.540000;-71.62266;45.92192
241;SOUS-BASSIN;499.078827;0.113848;6;482;1.205000;-71.62282;45.94795
242;SOUS-BASSIN;341.014709;0.093291;3;1156;2.890000;-71.61777;45.87824
243;SOUS-BASSIN;322.641296;0.095963;7;276;0.690000;-71.60946;45.89216
244;SOUS-BASSIN;428.472748;0.092277;5;899;2.247500;-71.58250;45.90684
245;SOUS-BASSIN;374.657135;0.083444;8;420;1.050000;-71.59889;45.90388
246;SOUS-BASSIN;430.864807;0.060946;5;3033;7.582500;-71.57595;45.92288
247;SOUS-BASSIN;370.605438;0.101054;5;5396;13.490000;-71.58793;45.88070
248;SOUS-BASSIN;359.149109;0.071710;7;228;0.570000;-71.59443;45.89724
249;SOUS-BASSIN;420.466675;0.069808;6;30;0.075000;-71.58293;45.90481
250;SOUS-BASSIN;303.287384;0.071308;2;6246;15.615000;-71.69880;45.85644
251;SOUS-BASSIN;298.216095;0.056223;5;6446;16.115000;-71.66036;45.86863
252;SOUS-BASSIN;269.618195;0.082194;2;220;0.550000;-71.65934;45.83250
253;SOUS-BASSIN;328.983429;0.060928;5;4164;10.410000;-71.63033;45.84894
254;SOUS-BASSIN;306.097656;0.055046;3;553;1.382500;-71.64423;45.82006
255;SOUS-BASSIN;304.446259;0.079957;7;493;1.232500;-71.64157;45.83202
256;SOUS-BASSIN;323.026855;0.084014;6;298;0.745000;-71.62059;45.83155
257;SOUS-BASSIN;326.471191;0.076379;6;399;0.997500;-71.62624;45.83483
258;SOUS-BASSIN;300.843140;0.088135;6;51;0.127500;-71.62616;45.83146
259;SOUS-BASSIN;359.104156;0.084401;3;1296;3.240000;-71.63354;45.81110
260;SOUS-BASSIN;292.358826;0.044981;6;170;0.425000;-71.62733;45.82490
261;SOUS-BASSIN;351.088501;0.064924;4;3028;7.570000;-71.58947;45.82658
262;SOUS-BASSIN;339.810028;0.061225;8;1395;3.487500;-71.60470;45.83839
263;SOUS-BASSIN;365.891785;0.058446;4;1109;2.772500;-71.56236;45.86130
264;SOUS-BASSIN;352.397980;0.054053;8;1186;2.965000;-71.58079;45.86163
265;SOUS-BASSIN;356.828369;0.031222;5;134;0.335000;-71.55338;45.87833
266;SOUS-BASSIN;434.620056;0.095074;8;1945;4.862500;-71.55793;45.89384
267;SOUS-BASSIN;391.443298;0.100320;7;388;0.970000;-71.54800;45.89082
268;SOUS-BASSIN;396.532135;0.079918;5;2054;5.135000;-71.53185;45.88213
269;SOUS-BASSIN;382.344391;0.069717;8;1356;3.390000;-71.53923;45.89149
270;SOUS-BASSIN;415.950012;0.063405;5;240;0.600000;-71.52020;45.90364
271;SOUS-BASSIN;369.684540;0.060971;4;5002;12.505000;-71.55630;45.83916
272;SOUS-BASSIN;340.850586;0.064094;7;174;0.435000;-71.58037;45.85213
273;SOUS-BASSIN;364.546326;0.036983;5;421;1.052500;-71.56558;45.85529
274;SOUS-BASSIN;386.715240;0.110943;3;2662;6.655000;-71.61327;45.80162
275;SOUS-BASSIN;344.665009;0.072031;6;997;2.492500;-71.60292;45.81306
276;SOUS-BASSIN;392.348938;0.079437;4;4124;10.310000;-71.58530;45.79498
277;SOUS-BASSIN;322.031586;0.069830;1;950;2.375000;-71.67299;45.81621
278;SOUS-BASSIN;342.833832;0.073916;4;1691;4.227500;-71.65134;45.80907
279;SOUS-BASSIN;314.413940;0.046510;1;215;0.537500;-71.66894;45.80873
280;SOUS-BASSIN;314.754272;0.110155;8;525;1.312500;-71.68258;45.83599
281;SOUS-BASSIN;309.504883;0.063042;3;1329;3.322500;-71.67615;45.82596
282;SOUS-BASSIN;335.491760;0.064916;3;1700;4.250000;-71.69772;45.82419
283;SOUS-BASSIN;298.615784;0.050196;1;2332;5.830000;-71.80042;45.89884
284;SOUS-BASSIN;330.742035;0.072756;3;2795;6.987500;-71.78348;45.88221
285;SOUS-BASSIN;366.712097;0.068853;2;844;2.110000;-71.80743;45.88168
286;SOUS-BASSIN;178.500000;0.146158;1;2;0.005000;-71.82666;45.94968
287;SOUS-BASSIN;286.130219;0.040003;3;1605;4.012500;-71.82851;45.93034
288;SOUS-BASSIN;289.894257;0.073443;2;1239;3.097500;-71.84290;45.93951
289;SOUS-BASSIN;121.211937;0.016951;3;821;2.052500;-72.04727;45.99758
290;SOUS-BASSIN;114.596428;0.033144;5;280;0.700000;-72.03879;46.00368
291;SOUS-BASSIN;123.971191;0.013378;4;2430;6.075000;-71.99632;45.99526
292;SOUS-BASSIN;139.652969;0.025048;6;7639;19.097500;-71.97550;46.01359
293;SOUS-BASSIN;152.286926;0.030064;5;352;0.880000;-71.96126;45.99664
294;SOUS-BASSIN;129.796753;0.021879;2;1845;4.612500;-72.03287;45.97983
295;SOUS-BASSIN;118.313377;0.019822;5;1136;2.840000;-72.02014;45.98871
296;SOUS-BASSIN;134.811203;0.028696;1;1875;4.687500;-72.01756;45.95862
297;SOUS-BASSIN;123.682564;0.025818;5;671;1.677500;-72.00459;45.96036
298;SOUS-BASSIN;162.536194;0.069015;4;1699;4.247500;-71.96620;45.94381
299;SOUS-BASSIN;166.869934;0.059659;7;3752;9.380000;-71.96521;45.95467
300;SOUS-BASSIN;192.150436;0.061305;5;1037;2.592500;-71.91587;45.96147
301;SOUS-BASSIN;196.609879;0.074273;8;1479;3.697500;-71.93188;45.97452
302;SOUS-BASSIN;230.020538;0.062903;5;4091;10.227500;-71.90061;45.97347
303;SOUS-BASSIN;223.825165;0.063872;2;4370;10.925000;-71.92991;45.92744
304;SOUS-BASSIN;224.241196;0.056034;5;3831;9.577500;-71.90603;45.94338
305;SOUS-BASSIN;235.042938;0.051736;3;955;2.387500;-71.90142;45.91176
306;SOUS-BASSIN;273.977325;0.052435;6;3927;9.817500;-71.87999;45.92785
307;SOUS-BASSIN;296.048553;0.062853;4;2534;6.335000;-71.87872;45.88623
308;SOUS-BASSIN;238.366440;0.068007;5;292;0.730000;-71.88166;45.90817
309;SOUS-BASSIN;295.562225;0.065147;3;1647;4.117500;-71.86225;45.88808
310;SOUS-BASSIN;243.428024;0.063797;6;264;0.660000;-71.87536;45.90259
311;SOUS-BASSIN;251.435898;0.042385;5;78;0.195000;-71.86277;45.90102
312;SOUS-BASSIN;257.765869;0.033786;8;252;0.630000;-71.86832;45.90658
313;SOUS-BASSIN;247.714279;0.066614;3;7;0.017500;-71.86152;45.90361
314;SOUS-BASSIN;285.076752;0.035788;7;1355;3.387500;-71.85737;45.91744
315;SOUS-BASSIN;348.137970;0.071965;3;1406;3.515000;-71.84385;45.88187
316;SOUS-BASSIN;295.270020;0.044020;5;4333;10.832500;-71.83207;45.90605
317;SOUS-BASSIN;358.966583;0.084108;4;688;1.720000;-71.83193;45.88521
318;SOUS-BASSIN;143.357880;0.025256;2;4264;10.660000;-72.02654;45.93767
319;SOUS-BASSIN;129.519226;0.026291;5;416;1.040000;-72.00483;45.93673
320;SOUS-BASSIN;139.691299;0.042972;2;379;0.947500;-71.98548;45.92197
321;SOUS-BASSIN;179.370453;0.084755;5;1706;4.265000;-71.96614;45.92893
322;SOUS-BASSIN;204.008072;0.058356;5;372;0.930000;-71.96081;45.91367
323;SOUS-BASSIN;226.033539;0.086679;6;626;1.565000;-71.95769;45.91907
324;SOUS-BASSIN;198.641785;0.105599;4;67;0.167500;-71.96224;45.91483
325;SOUS-BASSIN;133.699997;0.027082;1;10;0.025000;-71.98005;45.91572
326;SOUS-BASSIN;181.716583;0.054213;5;1302;3.255000;-71.96995;45.90629
327;SOUS-BASSIN;150.837296;0.056845;2;252;0.630000;-71.98433;45.91084
328;SOUS-BASSIN;176.290726;0.074515;1;1338;3.345000;-72.00487;45.91299
329;SOUS-BASSIN;145.167313;0.062131;4;514;1.285000;-71.99260;45.91620
330;SOUS-BASSIN;169.213104;0.087309;2;1084;2.710000;-71.99692;45.89824
331;SOUS-BASSIN;165.426529;0.043895;4;5676;14.190000;-71.97217;45.97310
332;SOUS-BASSIN;143.511597;0.024612;7;1595;3.987500;-71.97760;45.98699
333;SOUS-BASSIN;239.681412;0.047362;6;339;0.847500;-71.93307;46.00257
334;SOUS-BASSIN;117.317162;0.021324;3;2226;5.565000;-72.10491;45.96117
335;SOUS-BASSIN;124.675964;0.016187;5;7385;18.462500;-72.07022;45.97274
336;SOUS-BASSIN;126.398621;0.031124;2;1884;4.710000;-72.08227;45.93526
337;SOUS-BASSIN;124.841896;0.022312;5;2258;5.645000;-72.06238;45.94132
338;SOUS-BASSIN;132.582993;0.020230;2;1458;3.645000;-72.07316;45.91369
339;SOUS-BASSIN;129.741455;0.024298;6;878;2.195000;-72.04895;45.92769
340;SOUS-BASSIN;122.346382;0.022750;2;996;2.490000;-72.05661;45.90845
341;SOUS-BASSIN;142.033142;0.041326;5;1901;4.752500;-72.03400;45.91460
342;SOUS-BASSIN;127.743294;0.020857;1;2236;5.590000;-72.05813;45.89045
343;SOUS-BASSIN;140.205933;0.056565;5;1282;3.205000;-72.03416;45.89645
344;SOUS-BASSIN;131.940948;0.037122;4;254;0.635000;-72.03145;45.88393
345;SOUS-BASSIN;132.559998;0.055755;7;225;0.562500;-72.03273;45.88663
346;SOUS-BASSIN;199.714813;0.072273;6;540;1.350000;-72.01706;45.89524
347;SOUS-BASSIN;121.799408;0.023041;2;1685;4.212500;-72.03815;45.86598
348;SOUS-BASSIN;136.422272;0.035660;6;3898;9.745000;-72.01960;45.87391
349;SOUS-BASSIN;135.106277;0.043658;5;207;0.517500;-71.98836;45.86896
350;SOUS-BASSIN;137.350800;0.051465;1;496;1.240000;-71.99426;45.87361
351;SOUS-BASSIN;157.308945;0.052266;6;1476;3.690000;-71.98099;45.89113
352;SOUS-BASSIN;136.483658;0.045975;8;153;0.382500;-71.99017;45.88264
353;SOUS-BASSIN;135.266663;0.047985;8;30;0.075000;-71.98727;45.88600
354;SOUS-BASSIN;158.361526;0.037825;4;993;2.482500;-71.96679;45.86965
355;SOUS-BASSIN;215.496277;0.039450;6;6182;15.455000;-71.94438;45.89303
356;SOUS-BASSIN;219.223389;0.045787;5;1240;3.100000;-71.93650;45.87500
357;SOUS-BASSIN;181.610001;0.059903;3;2800;7.000000;-71.96852;45.85275
358;SOUS-BASSIN;171.901688;0.051613;6;1841;4.602500;-71.95864;45.86196
359;SOUS-BASSIN;289.158142;0.069805;5;3971;9.927500;-71.89290;45.86383
360;SOUS-BASSIN;234.358887;0.028054;8;1722;4.305000;-71.91534;45.87618
361;SOUS-BASSIN;269.820251;0.033392;5;1007;2.517500;-71.89190;45.88527
362;SOUS-BASSIN;224.691116;0.058164;2;1091;2.727500;-71.93054;45.84482
363;SOUS-BASSIN;243.099579;0.073909;5;2129;5.322500;-71.91102;45.84284
364;SOUS-BASSIN;198.739136;0.036294;2;23;0.057500;-71.91910;45.83899
